{"locus_tag":{"0":"EQU24_RS17060","1":"EQU24_RS17095","2":"EQU24_RS17100","3":"EQU24_RS17115","4":"EQU24_RS17120","5":"EQU24_RS17125","6":"EQU24_RS17130","7":"EQU24_RS17135","8":"EQU24_RS17140","9":"EQU24_RS17145","10":"EQU24_RS17150","11":"EQU24_RS17155","12":"EQU24_RS17160","13":"EQU24_RS17165","14":"EQU24_RS17170","15":"EQU24_RS17235","16":"EQU24_RS17240","17":"EQU24_RS17245","18":"EQU24_RS17270","19":"EQU24_RS17275","20":"EQU24_RS17285","21":"EQU24_RS17315","22":"EQU24_RS17405","23":"EQU24_RS17410","24":"EQU24_RS17415","25":"EQU24_RS17420","26":"EQU24_RS19620"},"cluster_id":{"0":20,"1":20,"2":20,"3":20,"4":20,"5":20,"6":20,"7":20,"8":20,"9":20,"10":20,"11":20,"12":20,"13":20,"14":20,"15":20,"16":20,"17":20,"18":20,"19":20,"20":20,"21":20,"22":20,"23":20,"24":20,"25":20,"26":20},"uMax":{"0":-0.0632371343,"1":0.056704545,"2":-0.0370942569,"3":-0.0141172234,"4":0.0321126574,"5":0.0696567317,"6":0.0002480975,"7":0.049593017,"8":-0.0043854201,"9":0.0800682834,"10":0.086140562,"11":0.0644099016,"12":0.0087958597,"13":0.0472752506,"14":0.1190362566,"15":-0.5530136947,"16":-0.2363604825,"17":0.0291970042,"18":0.0019031357,"19":0.0762711798,"20":-0.0740608349,"21":-0.5036098946,"22":0.1612904389,"23":0.0179989017,"24":0.0488406103,"25":0.0469309816,"26":0.0573747023},"MeOH":{"0":0.164256394,"1":-0.3723349105,"2":0.1931730895,"3":-0.3360517109,"4":-1.0198177949,"5":0.480256648,"6":-0.7377509246,"7":-0.8808856346,"8":-1.9611457532,"9":-1.655489634,"10":-1.9023361113,"11":-2.2595856276,"12":-0.1884178115,"13":0.0046954067,"14":-0.1909130315,"15":0.9610630066,"16":-0.2351165205,"17":0.8233300602,"18":-2.8189932625,"19":-1.3287610148,"20":-0.3584606961,"21":0.2515911113,"22":0.9518670543,"23":-0.4258142297,"24":-0.6747117242,"25":-0.0523928217,"26":-0.329410396},"NoCu":{"0":0.2360573826,"1":-0.5539580048,"2":-0.3232945949,"3":-0.0340356892,"4":-0.1679374388,"5":-0.3667907883,"6":-0.8798350674,"7":-0.9684137637,"8":-0.9068825755,"9":-0.6418799452,"10":-1.0293767117,"11":-0.6922531653,"12":-1.0172717434,"13":-1.3194181914,"14":-1.3730089857,"15":-0.1293570188,"16":-0.2187177549,"17":0.2047376472,"18":-1.2221368385,"19":-1.1415212123,"20":-0.7121201539,"21":-0.3185505152,"22":-0.6095301249,"23":-0.4046213734,"24":-1.0730289803,"25":-0.5946016962,"26":-1.0014636096},"lowCu":{"0":0.2123530507,"1":-0.5538626586,"2":-0.4980986341,"3":0.0124350655,"4":-0.1832031697,"5":-0.3881390153,"6":-0.7907885816,"7":-0.7204434809,"8":-0.5603393659,"9":-0.4893122252,"10":-0.5554503231,"11":-0.4866549559,"12":-0.8288956717,"13":-1.1646622629,"14":-1.0724049097,"15":-0.0022902071,"16":-0.0372149069,"17":-0.1277371488,"18":-0.563368846,"19":-0.6840213966,"20":-0.7229653509,"21":-0.8677574496,"22":-0.6209308224,"23":-0.3281525802,"24":-0.5993040224,"25":-0.3923907853,"26":-0.6353222194},"medCu":{"0":0.3655297514,"1":-0.4406749506,"2":-0.3387145117,"3":0.1899311672,"4":-0.1933143539,"5":-0.5647327937,"6":-0.5744078019,"7":-0.1238438241,"8":-0.0694577806,"9":-0.0202740187,"10":0.099584781,"11":0.0264805487,"12":-0.7174089471,"13":-0.7501805937,"14":-0.8489391506,"15":-0.259482827,"16":-0.5266197248,"17":-0.2188110282,"18":-0.2469251751,"19":-0.3197405633,"20":-0.3356262791,"21":-0.4512312876,"22":-0.6531313905,"23":-0.3130117012,"24":-0.8753957352,"25":-0.4394420531,"26":-0.2855763517},"highCu":{"0":-0.2838019757,"1":-0.7342018586,"2":-0.6760932437,"3":-0.4603891857,"4":-0.402389801,"5":-0.7823084259,"6":-1.4822880287,"7":-1.0883773795,"8":-0.6153854312,"9":-0.6565302104,"10":-0.4995833283,"11":-0.1170543228,"12":-0.7791477998,"13":-1.5511869331,"14":-1.3512032805,"15":-1.2477811191,"16":-0.2797703574,"17":0.0021080991,"18":-1.3962060082,"19":-1.2307907211,"20":-0.3360004125,"21":-0.8736301074,"22":-0.8008949244,"23":-0.5664307754,"24":-0.930069089,"25":-0.4795382744,"26":0.28519595},"LanzaTech":{"0":-0.6188341507,"1":-0.2769260121,"2":-0.6062893824,"3":-0.0278546833,"4":-0.1875749955,"5":0.4001558596,"6":-0.8604160713,"7":-1.043319321,"8":-0.7329774279,"9":-0.5179934082,"10":-0.4318782301,"11":-1.1777619663,"12":-1.0998546479,"13":-0.1690558913,"14":-1.1586026679,"15":0.1240811542,"16":0.1277214846,"17":-0.5405007733,"18":-2.9276971621,"19":-1.1931913719,"20":-0.8323158103,"21":-0.6076984612,"22":0.1456519226,"23":-0.2938575043,"24":-0.9511449379,"25":-0.34897042,"26":1.1240653551},"lowCH4":{"0":0.1256623059,"1":-0.7684758,"2":-0.88149757,"3":-0.859066194,"4":-0.9981552476,"5":-0.6632760641,"6":-1.4638663558,"7":-1.7152283403,"8":-2.0477859353,"9":-1.561716001,"10":-1.6697976782,"11":-1.7049625594,"12":-1.1112241126,"13":-1.2708004444,"14":-1.329714022,"15":0.7136087167,"16":-0.0257215427,"17":0.1248023449,"18":-2.6659752614,"19":-1.5566121322,"20":-0.7421498345,"21":-0.7143101719,"22":-0.1277880429,"23":-1.3591705386,"24":-1.0831379904,"25":-0.1615792255,"26":-0.0087270099},"lowO2_fast_growth":{"0":0.6368422598,"1":0.6075910331,"2":0.8320512081,"3":0.4695381248,"4":0.5046665349,"5":0.5362843768,"6":0.2531898494,"7":0.2220082284,"8":-0.2467436474,"9":0.4228668578,"10":0.5717501206,"11":0.4847977188,"12":1.5897624562,"13":1.1231670296,"14":1.0703854838,"15":1.965930799,"16":1.6188554735,"17":0.9481425432,"18":1.1600460175,"19":1.5647756473,"20":1.0706980139,"21":0.1512068417,"22":0.8306322476,"23":1.1274618773,"24":0.5279297917,"25":0.3519711767,"26":-0.367418723},"aa3_KO":{"0":5.174102051,"1":3.8950651796,"2":3.7673225983,"3":3.4991239736,"4":3.8129282501,"5":2.9748807043,"6":3.4241597182,"7":3.7150563615,"8":4.378265309,"9":4.4037390854,"10":4.2063098423,"11":4.4432394079,"12":3.6811984802,"13":3.2422350175,"14":3.083753736,"15":4.4372171996,"16":4.3302466204,"17":3.424541629,"18":3.1165853371,"19":2.6307198225,"20":4.0326563435,"21":3.3150969184,"22":3.4436869435,"23":5.0411857034,"24":4.698779301,"25":3.9075786255,"26":2.0858332621},"NO3_lowO2_slow_growth":{"0":3.5834773746,"1":3.1855010101,"2":2.9067846196,"3":3.0736333448,"4":3.2011429829,"5":2.3859093076,"6":2.8726035838,"7":3.2972920729,"8":3.8723667307,"9":3.7477365914,"10":3.3995906261,"11":3.4354721335,"12":2.9201987559,"13":2.4067815361,"14":2.2924688955,"15":3.8310542586,"16":3.6403274514,"17":2.4593055509,"18":1.7202820351,"19":1.5545656863,"20":3.2021592089,"21":2.180061882,"22":2.5184810511,"23":4.3122667458,"24":3.8015089633,"25":2.5173156024,"26":2.3537047037},"highO2_slow_growth":{"0":0.7946068548,"1":-1.2361258106,"2":-0.8675103914,"3":1.1824758322,"4":1.3495208015,"5":0.5797202509,"6":0.6247222379,"7":0.7975840036,"8":1.5197157246,"9":1.2041798272,"10":0.6658067158,"11":0.920952281,"12":0.5585248592,"13":-0.0302477906,"14":-0.3269744511,"15":0.935455597,"16":0.9157453271,"17":-0.2967182228,"18":-0.8654173361,"19":-1.025747457,"20":0.3293472354,"21":-0.8820332253,"22":-0.2431796232,"23":0.2037886342,"24":0.0733916776,"25":-0.1241977832,"26":0.1250852769},"lowO2_slow_growth":{"0":4.0838686821,"1":3.5903564343,"2":3.194250944,"3":3.7758030389,"4":3.7640843427,"5":2.9130555196,"6":3.0735699446,"7":3.3367635851,"8":4.0827407836,"9":3.9787068572,"10":3.7763870914,"11":3.9331632188,"12":3.1112509023,"13":2.3366593915,"14":2.0479506374,"15":4.0718075727,"16":3.9422284191,"17":3.2692428223,"18":2.5077663058,"19":2.1377406144,"20":3.2859569439,"21":2.6072316544,"22":2.8280847444,"23":4.1877864792,"24":3.9458890323,"25":3.6084100167,"26":3.278630078},"lowO2_fast_growth.1":{"0":0.6368422598,"1":0.6075910331,"2":0.8320512081,"3":0.4695381248,"4":0.5046665349,"5":0.5362843768,"6":0.2531898494,"7":0.2220082284,"8":-0.2467436474,"9":0.4228668578,"10":0.5717501206,"11":0.4847977188,"12":1.5897624562,"13":1.1231670296,"14":1.0703854838,"15":1.965930799,"16":1.6188554735,"17":0.9481425432,"18":1.1600460175,"19":1.5647756473,"20":1.0706980139,"21":0.1512068417,"22":0.8306322476,"23":1.1274618773,"24":0.5279297917,"25":0.3519711767,"26":-0.367418723},"lowO2_low_iron_fast_growth":{"0":0.413153176,"1":-0.7418697018,"2":-0.9914169777,"3":0.3010094871,"4":-0.5405826977,"5":-0.0285703455,"6":-0.5849231729,"7":-0.8339850787,