{"locus_tag":{"0":"EQU24_RS03435","1":"EQU24_RS05090","2":"EQU24_RS08855","3":"EQU24_RS12815","4":"EQU24_RS14930","5":"EQU24_RS18430","6":"EQU24_RS18860","7":"EQU24_RS21835"},"cluster_id":{"0":30,"1":30,"2":30,"3":30,"4":30,"5":30,"6":30,"7":30},"uMax":{"0":0.0198119042,"1":0.1700677825,"2":-0.7503481713,"3":-1.1131954013,"4":-1.2932844998,"5":-2.7492900453,"6":0.2311364158,"7":-2.0112412666},"MeOH":{"0":0.1425143367,"1":0.8153283828,"2":0.6678357503,"3":0.6478229971,"4":0.0343289322,"5":-1.4909280023,"6":0.4611196374,"7":-0.5953111619},"NoCu":{"0":1.0376441802,"1":-0.0784297551,"2":0.1941053264,"3":0.1582070698,"4":-0.6317503479,"5":-0.5201502938,"6":0.5237331837,"7":-0.0056150903},"lowCu":{"0":0.8837417356,"1":0.2921710805,"2":0.367605141,"3":0.449326228,"4":-0.635207359,"5":-0.5174257732,"6":0.6425667523,"7":-0.1738393724},"medCu":{"0":1.2659638713,"1":-0.2217166802,"2":-0.2483204484,"3":-0.0373132765,"4":-0.5439309457,"5":-0.3235390895,"6":0.2957660647,"7":0.1322729651},"highCu":{"0":0.865812985,"1":-0.2751343463,"2":0.0325069188,"3":0.1693442822,"4":-2.3558029861,"5":-4.0953537044,"6":1.1227245986,"7":-1.8917505542},"LanzaTech":{"0":0.6686560239,"1":0.4187680928,"2":0.0268426028,"3":-0.7286481388,"4":1.7435106193,"5":-0.0855331372,"6":-2.2023460078,"7":0.5687530461},"lowCH4":{"0":-1.4186197881,"1":-2.5263648686,"2":-4.2775395531,"3":-4.5044423383,"4":-1.2484737112,"5":-2.987745734,"6":-6.5083340877,"7":-3.0770440523},"lowO2_fast_growth":{"0":0.2190467537,"1":0.8738334693,"2":0.0833753211,"3":0.232861163,"4":-0.6070672813,"5":-2.4933735284,"6":0.8444014051,"7":-1.4513384036},"aa3_KO":{"0":0.8072376609,"1":0.0576240975,"2":-0.1284442987,"3":0.1646968913,"4":0.0441819656,"5":0.7594227839,"6":0.7512610126,"7":0.5855185063},"NO3_lowO2_slow_growth":{"0":1.4114667254,"1":0.1688774693,"2":-0.535818248,"3":-0.2758190251,"4":0.5609695153,"5":0.3060945659,"6":-0.4011070152,"7":0.2043186184},"highO2_slow_growth":{"0":1.0738673466,"1":-0.4587109221,"2":-0.2626456314,"3":0.0268099078,"4":1.0193114933,"5":0.1993278709,"6":-1.0755842793,"7":0.2157789892},"lowO2_slow_growth":{"0":0.7265276457,"1":-0.5863050634,"2":0.2667134079,"3":0.0945263641,"4":1.1054713202,"5":0.1640062367,"6":-0.9238221429,"7":0.5203985114},"lowO2_fast_growth.1":{"0":0.2190467537,"1":0.8738334693,"2":0.0833753211,"3":0.232861163,"4":-0.6070672813,"5":-2.4933735284,"6":0.8444014051,"7":-1.4513384036},"lowO2_low_iron_fast_growth":{"0":-4.093096866,"1":-2.685255056,"2":-2.4728746705,"3":-5.9254606531,"4":-2.9039114193,"5":-3.2848950139,"6":-6.2491908089,"7":-2.2266861335},"WithLanthanum":{"0":1.1957476653,"1":1.765889497,"2":0.6465988952,"3":0.9599770019,"4":0.4841714172,"5":1.593430293,"6":-0.2431119858,"7":1.2449676719},"NoLanthanum":{"0":1.4260123899,"1":2.0086995747,"2":0.6682253238,"3":1.0993843734,"4":0.6986165999,"5":1.7548290107,"6":0.0559145925,"7":1.4827240312},"crotonic_acid":{"0":0.6521380588,"1":0.502868326,"2":0.3516391376,"3":0.2156857693,"4":0.1621555046,"5":0.5656183917,"6":0.7556710977,"7":0.7132637638},"slow_growth":{"0":1.1570233717,"1":-0.0837922694,"2":0.7083057027,"3":0.8074653808,"4":0.7788016176,"5":0.1104352103,"6":0.3550622921,"7":0.1703958624},"unknown":{"0":1.5127283738,"1":-0.2191017372,"2":0.277901773,"3":1.0070790875,"4":0.7432705437,"5":0.2180054484,"6":0.4658378778,"7":-0.7146305337},"gene":{"0":null,"1":null,"2":null,"3":null,"4":null,"5":null,"6":null,"7":null},"product":{"0":"hypothetical protein","1":"hypothetical protein","2":"hypothetical protein","3":"cytosolic protein","4":"hypothetical protein","5":"IS4 family transposase","6":null,"7":"IS4 family transposase"},"start_coord":{"0":731708,"1":1086306,"2":1962417,"3":2875910,"4":3328929,"5":4111371,"6":4213623,"7":4924469},"end_coord":{"0":731891,"1":1086642,"2":1963410,"3":2876903,"4":3329181,"5":4112844,"6":4213699,"7":4925954},"length":{"0":184,"1":337,"2":994,"3":994,"4":253,"5":1474,"6":77,"7":1486},"translation":{"0":"INRNRDIPFALQISAVPEEASGCSVKALPAWSWHRAYMDVFTASFDGHPEAEFSSTMSIN*","1":"LAGVGGRADFCSSAIAELHGCNECRKCRSIFLPCIALIHAIHGVMQNLHSCHPWQSVAAVKPTRTYSRRPAKRVTEPSTRLIVPGRYLSRNPKINLLCQTKGSNSVASQYN*","2":"MNESAPDEYDSPWKEAVERYFPEFMAFYFPDAANLIDWNQAYTFLDQELRAVVRDATLGKRFVDKLVQVMLLDGVEQWVYIHVEVQGSKQARFAKRMFTYNYRIFDRYDRPVASLAVLADEHPGWKPDCFGYSVLGSETSIRFPVAKITDYHDRLEALLTEHNPFAIVTAAHILTQQTRGDDRFRFQAKWRLIRLLYERGWDKQRVIDLFQVIDWMMRLPKELERQLWHNIHELEEHGKMQYISSVERIGLEKGLEKGLEKGLEKGMEKGKLEAEQNTLRRQISRRFKTLPAWADERIAQAGQSELEQWLDNIIDAPTIEAVFETDNSTH*","3":"MNEFAPDEYDSPWKEAVERYFPEFMAFYFPDAANLIDWNQAYTFLDQELRAVVRDATLGKRFVDKLVQVMLLDGVEQWVYIHVEVQGSKQARFAKRMFTYNYRIFDRYDRPVASLAVLADEHPGWKPDCFGYSVLGSETSIRFPVAKITDYHDRLEALLTEHNPFAIVTAAHILTQQTRGDDRFRFQAKWRLIRLLYERGWDKQRVIDLFQVIDWMMRLPKELERQLWHNIHELEEHGKMQYISSVERIGLEKGLEKGLEKGLEKGMEKGKLEAEQNTLRRQISRRFKTLPAWADERIAQAGQSELEQWLDNIIDAPTIEAVFETDNSTH*","4":"LISKEYIPIALQISALTRGGAGVFGKGFDSRDAVTEPTWTYSRRPLTDTPAPKFDQQRVYILNWYRIPFAKLRGASPTIDHLF*","5":"LVRLSWHQYSLKTGEVSAQLIPPPQEQLERFKKQFLQLDAQGIEDLLPTEPLQRLLKDAEEAVPHTLRQRIWTPLVTLLALIKQALKHGSCSDAVKSVQTEQINCGQTRCSGNTSAYCQARQKLPESLPRELIRYTGERLEAASRTHWSWRGHPVKLVDGSTLTLADTCANQETYPQESNQQAGLGFPILRLEIVASLNHGGLLGAEVAPYCGKGTGETALLRRLMATTVQPHDICLMDQYYDNFWTIAQFRERDAELLCPMRSHRKIDWSQGVCLRGDSTDRLFELKKPKRPEWMTPETYEALADHITVRFFRIFGQTYMTTLVDAKHYRKNALRKLYRHRWQIEIDLLFIKKVMQMEPLRCKTPAMARKELTVCLLAYNLIRLLMLQAGIRHHVWPCRISFTEALGSYKEFASSLAQTTGETLLNWINNVLEIVASKTIGEREARIEPRAVKRRPTNPFPYLSAPRAQVKEQLLAKRKGDQIMRCANV*","6":null,"7":"IALLFGKIELASIFLKNRRSVCATYPTPQEQLERFKKQFLQLDAQGIEDLLPTEPLQRLLKDAEEAVPHTLRQRIWTPLVTLLALIKQALKHGSCSDAVKSVQTEQINCGQTRCSGNTSAYCQARQKLPESLPRELIRYTGERLEAASRTHWSWRGHPVKLVDGSTLTLADTCANQETYPQESNQQAGLGFPILRLEIVASLNHGGLLGAEVAPYCGKGTGETALLRRLMATTVQPHDICLMDQYYDNFWTIAQFRERDAELLCPMRSHRKIDWSQGVCLRGDSTDRLFELKKPKRPEWMTPETYEALADHITVRFFRIFGQTYMTTLVDAKHYRKNALRKLYRHRWQIEIDLLFIKKVMQMEPLRCKTPAMARKELTVCLLAYNLIRLLMLQAGIRHHVWPCRISFTEALGSYKEFASSLAQTTGETLLNWINNVLEIVASKTIGEREARIEPRAVKRRPTNPFPYLSAPRAQVKEQLLAKRKGDQIMRCANV*"},"group":{"0":"else","1":"else","2":"else","3":"else","4":"else","5":"else","6":"else","7":"else"},"go_terms":{"0":"[]","1":"['GO:0016787']","2":"[]","3":"[]","4":"['GO:0016021']","5":"['GO:0003677', 'GO:0004803', 'GO:0006313']","6":"[]","7":"['GO:0003677', 'GO:0004803', 'GO:0006313']"},"desc_string":{"0":"EQU24_RS03435||hypothetical protein","1":"EQU24_RS05090||hypothetical protein","2":"EQU24_RS08855||hypothetical protein","3":"EQU24_RS12815||cytosolic protein","4":"EQU24_RS14930||hypothetical protein","5":"EQU24_RS18430||IS4 family transposase","6":"EQU24_RS18860||","7":"EQU24_RS21835||IS4 family transposase"}}