{"locus_tag":{"0":"EQU24_RS02780","1":"EQU24_RS03580","2":"EQU24_RS03770","3":"EQU24_RS05635","4":"EQU24_RS05640","5":"EQU24_RS05645","6":"EQU24_RS07965","7":"EQU24_RS09835","8":"EQU24_RS18555","9":"EQU24_RS20650"},"cluster_id":{"0":22,"1":22,"2":22,"3":22,"4":22,"5":22,"6":22,"7":22,"8":22,"9":22},"uMax":{"0":0.2259495881,"1":0.1957957386,"2":0.2338624431,"3":0.2343103481,"4":0.2340666661,"5":0.2341155338,"6":0.2300832335,"7":0.2232295236,"8":0.2322654576,"9":0.2317507206},"MeOH":{"0":1.2924425019,"1":0.771373625,"2":-0.6211277843,"3":1.457866506,"4":2.0371485102,"5":3.2604005011,"6":1.4104466604,"7":-0.6778513855,"8":1.1094270817,"9":0.7039143122},"NoCu":{"0":-0.4436692716,"1":-1.3857235158,"2":-0.4314556185,"3":-0.3953684048,"4":-1.0765349933,"5":-1.708639909,"6":-1.5043268267,"7":-2.9315337573,"8":-0.3997120205,"9":-0.4590605574},"lowCu":{"0":-0.1928271514,"1":-1.3430761361,"2":-0.2303310746,"3":0.0028044453,"4":-0.3923933943,"5":-0.5861308236,"6":-1.1624365058,"7":-2.3433864307,"8":-0.3353910552,"9":-0.5410852865},"medCu":{"0":0.8774161632,"1":-0.5962657675,"2":0.5171225933,"3":1.0150529736,"4":0.5285573311,"5":0.3077503401,"6":-0.247686097,"7":-1.7832551145,"8":-0.1096453565,"9":0.0966973837},"highCu":{"0":0.2576855786,"1":0.043257045,"2":0.3471187923,"3":0.5050473129,"4":-0.9181091485,"5":-0.6530555232,"6":-0.8831594422,"7":-1.4271845957,"8":0.5840693481,"9":0.1669453437},"LanzaTech":{"0":-3.6314574863,"1":-3.1272188289,"2":-3.9760266419,"3":-4.28511302,"4":-5.1812997066,"5":-4.84111844,"6":-3.7490225133,"7":-3.8445179736,"8":-4.2966586125,"9":-4.2334223665},"lowCH4":{"0":-1.1516421215,"1":-2.0721093619,"2":-1.1398763667,"3":-4.9776791733,"4":-1.7458466664,"5":-1.2062324749,"6":0.0271194818,"7":-1.9921855156,"8":-2.6155256772,"9":-2.5447140965},"lowO2_fast_growth":{"0":0.8287100544,"1":0.8550357732,"2":0.4102436447,"3":1.8348153895,"4":1.4891110904,"5":0.7333978671,"6":-0.4042020228,"7":1.5725380484,"8":1.9849457427,"9":0.4221387417},"aa3_KO":{"0":-1.8678736516,"1":-1.2995802952,"2":-1.3014240283,"3":-2.2173878925,"4":-2.2296495823,"5":-2.9795509744,"6":-2.8585072603,"7":-1.6926150593,"8":-0.7813478132,"9":-2.0534211757},"NO3_lowO2_slow_growth":{"0":-2.1866641003,"1":-2.4875655955,"2":-1.2616098809,"3":-1.4706131601,"4":-1.2532671907,"5":-3.2758794718,"6":-2.0498840808,"7":-0.8220539828,"8":-0.1489718755,"9":-1.2153957716},"highO2_slow_growth":{"0":-1.7383241055,"1":-2.5598684509,"2":-1.0026088619,"3":-2.2391987348,"4":-1.7704895648,"5":-3.000082187,"6":-1.9099976154,"7":-1.5172018375,"8":-1.6673331416,"9":-1.7063184991},"lowO2_slow_growth":{"0":-0.7869132407,"1":-1.5010575089,"2":-0.6109669747,"3":-1.6485483661,"4":-1.9419378197,"5":-1.75575536,"6":-1.5233768347,"7":-2.0883233716,"8":-1.215601083,"9":-1.7198151466},"lowO2_fast_growth.1":{"0":0.8287100544,"1":0.8550357732,"2":0.4102436447,"3":1.8348153895,"4":1.4891110904,"5":0.7333978671,"6":-0.4042020228,"7":1.5725380484,"8":1.9849457427,"9":0.4221387417},"lowO2_low_iron_fast_growth":{"0":0.7275616078,"1":-0.3996635188,"2":-1.4978988059,"3":-3.8786465469,"4":-1.8084601831,"5":-0.8807488993,"6":1.2726999825,"7":-1.8807083838,"8":-2.7720557956,"9":0.1098151148},"WithLanthanum":{"0":-2.4555381067,"1":-1.6434349874,"2":-3.6674964748,"3":-3.9056379148,"4":-4.0366712245,"5":-4.5277271076,"6":-3.5571924187,"7":-3.3166170426,"8":-3.6680785612,"9":-2.1197800347},"NoLanthanum":{"0":-2.6941848341,"1":-1.7003272688,"2":-4.0643468066,"3":-4.5820858036,"4":-4.5176549521,"5":-4.6397274284,"6":-4.0362625715,"7":-3.7830074794,"8":-4.0892125865,"9":-2.713764465},"crotonic_acid":{"0":-2.8567912438,"1":-1.7815301114,"2":-1.5838878636,"3":-2.2951292203,"4":-2.3468953437,"5":-3.4439058056,"6":-2.2535693523,"7":-0.5982674398,"8":-1.3303309038,"9":-2.6632977363},"slow_growth":{"0":-2.3387309944,"1":-1.7070496383,"2":-1.1802772749,"3":-2.362728999,"4":-3.0392222206,"5":-2.5941763278,"6":-2.4671044353,"7":-1.8596442734,"8":-0.6632555218,"9":-2.5925000123},"unknown":{"0":-0.0662832743,"1":-1.3894114227,"2":-0.0752136571,"3":0.423455396,"4":0.9883691173,"5":0.1202805551,"6":1.1968178147,"7":-1.0611532294,"8":-0.2402605271,"9":-0.2887866333},"gene":{"0":null,"1":null,"2":null,"3":null,"4":null,"5":null,"6":null,"7":null,"8":null,"9":null},"product":{"0":null,"1":"SulP family inorganic anion transporter","2":null,"3":null,"4":null,"5":null,"6":null,"7":null,"8":null,"9":null},"start_coord":{"0":598789,"1":767300,"2":808572,"3":1220732,"4":1220826,"5":1220955,"6":1758864,"7":2185369,"8":4143018,"9":4658178},"end_coord":{"0":598877,"1":768908,"2":808647,"3":1220808,"4":1220902,"5":1221031,"6":1758940,"7":2185443,"8":4143095,"9":4658265},"length":{"0":89,"1":1609,"2":76,"3":77,"4":77,"5":77,"6":77,"7":75,"8":78,"9":88},"translation":{"0":null,"1":"MTPMPQTLVYNDLRAGFFVSLIALPLCLGIAMASGFPPMSGLITAIIGGILVSRVSGSQLTINGPAAGLIVVVLDSVHTLGAGNTAVGVSYTLAAIVLSGLIQIALGVLRAGKLSAFFPSSVVHGMLAAIGIIILVKQSYVLLGVPTEPGSIVQQAMALPRAVINMNVPIAMIGLIGLAVMIFWPRLPFKVSRTLPAPLWVLFSGLLLTFYFDLDHVHRYHSVVTQFLTQGEFLIGPAFLLNLPNNPLDALYLPDFALIGTAKFWFCVFNITLIGSLETLLSAAAVDKLDPKHRCSDLNRDLMAIGMGNTLCGLVGGLPMIAEIVRSSSNISYGAQSNWSNFFHGIFLLLFISLGANLIQEIPLASLAALLVYTGFRLASPMEFAKTLSVGFGHFLVFVVTLISILLTDLLLGVLIGIVIELALHGLRGLKPAQIFQVAYRINEQDPGNFHVQVHGAAVFSNFLALKSMTGTLPKGKQVIFDLSEVNLIDSTVLEFIYHFRAEYQRSGGTCEITGLHKHYAVAKHPLSVRRALRG*","2":null,"3":null,"4":null,"5":null,"6":null,"7":null,"8":null,"9":null},"group":{"0":"else","1":"else","2":"else","3":"else","4":"else","5":"else","6":"else","7":"else","8":"else","9":"else"},"go_terms":{"0":"[]","1":"['GO:0008271', 'GO:0016021', 'GO:1902358']","2":"[]","3":"[]","4":"[]","5":"[]","6":"[]","7":"[]","8":"[]","9":"[]"},"desc_string":{"0":"EQU24_RS02780||","1":"EQU24_RS03580||SulP family inorganic anion transporter","2":"EQU24_RS03770||","3":"EQU24_RS05635||","4":"EQU24_RS05640||","5":"EQU24_RS05645||","6":"EQU24_RS07965||","7":"EQU24_RS09835||","8":"EQU24_RS18555||","9":"EQU24_RS20650||"}}