{"locus_tag":{"0":"EQU24_RS10555","1":"EQU24_RS10560","2":"EQU24_RS10565","3":"EQU24_RS10570","4":"EQU24_RS10575","5":"EQU24_RS10580","6":"EQU24_RS10585","7":"EQU24_RS10590","8":"EQU24_RS10595","9":"EQU24_RS10600","10":"EQU24_RS10605","11":"EQU24_RS10610","12":"EQU24_RS10615","13":"EQU24_RS10620","14":"EQU24_RS10625","15":"EQU24_RS10630","16":"EQU24_RS10635","17":"EQU24_RS10640","18":"EQU24_RS10645","19":"EQU24_RS10650"},"cluster_id":{"0":23,"1":23,"2":23,"3":23,"4":23,"5":23,"6":23,"7":23,"8":23,"9":23,"10":23,"11":23,"12":23,"13":23,"14":23,"15":23,"16":23,"17":23,"18":23,"19":23},"uMax":{"0":0.1141543509,"1":0.0150764868,"2":-0.1023140324,"3":0.1309040944,"4":0.0807484188,"5":-0.0561450129,"6":-0.0004640508,"7":-0.1332777288,"8":-0.0579433367,"9":-0.0421486999,"10":-0.3210432229,"11":-0.1352834167,"12":-0.1068246929,"13":-0.2075269447,"14":-0.0847570484,"15":-0.2416983106,"16":-0.3325589661,"17":-0.2158978026,"18":-0.2492557684,"19":-0.1167269951},"MeOH":{"0":0.3103060992,"1":0.9133526192,"2":0.6963574693,"3":0.9696598322,"4":1.1065276348,"5":0.9991425325,"6":0.8038032967,"7":1.0547852029,"8":0.8044950358,"9":0.966482996,"10":0.2840388532,"11":-0.0726751012,"12":0.3516520682,"13":-0.0024740438,"14":0.0583160907,"15":-0.544842003,"16":0.5108554119,"17":0.7087380547,"18":1.0369096534,"19":0.8069333777},"NoCu":{"0":1.7391786733,"1":1.6194895777,"2":2.6712843758,"3":1.9514305427,"4":2.3149421888,"5":3.4694571617,"6":2.0012793519,"7":2.0085394641,"8":1.647203758,"9":1.5272132493,"10":2.1794887371,"11":2.4445366667,"12":2.4110193761,"13":2.6803914538,"14":2.7831362139,"15":2.872703577,"16":2.8693038016,"17":3.1393949872,"18":3.489051831,"19":3.3292946333},"lowCu":{"0":1.7718819109,"1":1.7492269658,"2":2.6121174965,"3":2.0061545224,"4":2.301492667,"5":3.4567200415,"6":1.7930239671,"7":2.0959320184,"8":1.7946536106,"9":1.659614854,"10":2.4381413364,"11":2.294215905,"12":2.5554588763,"13":2.790196001,"14":2.8881837141,"15":3.2320311286,"16":3.2008473805,"17":3.3923608696,"18":3.9023516986,"19":3.6682474836},"medCu":{"0":0.7338638214,"1":0.980575061,"2":1.3249669287,"3":1.040116274,"4":1.5093412869,"5":2.5532629345,"6":0.6659040624,"7":1.1754192888,"8":0.8341529199,"9":0.9170263098,"10":1.3727376446,"11":1.3807894721,"12":1.3769293901,"13":1.6653014483,"14":1.7374326929,"15":1.9794942271,"16":2.001886014,"17":2.4881386767,"18":2.7430796676,"19":2.3462019395},"highCu":{"0":0.8743138127,"1":0.4293242139,"2":0.4894206599,"3":0.0386426659,"4":0.2326286937,"5":0.4497928299,"6":0.0434605933,"7":0.4551802523,"8":-0.1077756058,"9":-0.951211016,"10":-0.260634286,"11":0.6264744157,"12":0.1582805491,"13":0.1703513256,"14":-0.0917938714,"15":0.8972311171,"16":0.2194447061,"17":0.3101399798,"18":0.2478563109,"19":0.7069117364},"LanzaTech":{"0":1.1911764334,"1":0.2146788937,"2":0.3979107178,"3":1.0125352324,"4":0.2292786358,"5":-0.222840695,"6":-0.9995946864,"7":-0.1115391239,"8":0.044653386,"9":0.4446915484,"10":0.2852713315,"11":-0.0026791921,"12":0.4496888627,"13":0.1419115863,"14":1.0173724964,"15":0.8880153871,"16":0.6762990808,"17":0.1308881285,"18":0.1139159461,"19":0.3014723873},"lowCH4":{"0":0.3035250817,"1":0.8416225809,"2":0.5885890454,"3":0.6621976794,"4":0.2662683743,"5":0.4866361495,"6":0.4284230329,"7":0.7374352025,"8":0.5390489299,"9":0.2781387477,"10":0.4398794552,"11":0.0284225056,"12":0.6283497534,"13":0.2458857155,"14":0.5057107708,"15":-0.274734055,"16":0.1760574711,"17":0.4540530994,"18":0.3082866709,"19":0.514193331},"lowO2_fast_growth":{"0":-0.1618369172,"1":0.1272702364,"2":0.1055691029,"3":0.5499131178,"4":0.5639841301,"5":0.3940963605,"6":-0.0578081337,"7":0.4709125919,"8":0.4778686941,"9":0.4879590413,"10":0.0627760428,"11":0.1904571174,"12":0.7198192825,"13":0.1728523815,"14":0.1284133988,"15":-0.1287005472,"16":0.0716550997,"17":0.3775101971,"18":0.3489217938,"19":0.2498684102},"aa3_KO":{"0":1.0393402057,"1":0.4126043226,"2":1.3636689219,"3":0.7705508151,"4":1.0729029047,"5":1.4362698508,"6":0.5694231722,"7":0.25912584,"8":0.3702473504,"9":0.4188098683,"10":0.7308536372,"11":0.6453279582,"12":1.083717033,"13":1.1259253603,"14":1.3115251726,"15":1.0657006104,"16":1.3712252705,"17":1.1265751526,"18":1.19383113,"19":1.5968162701},"NO3_lowO2_slow_growth":{"0":0.6892538899,"1":0.2358723644,"2":0.5260257673,"3":0.6586219587,"4":0.3652873984,"5":0.6659677205,"6":0.098552825,"7":0.3562834449,"8":0.5201611997,"9":0.5845111115,"10":0.6423275113,"11":0.0075004655,"12":0.7993857296,"13":0.5386120315,"14":0.1679359495,"15":0.8087166083,"16":0.6369005078,"17":0.4490559456,"18":0.1896328988,"19":0.4296443677},"highO2_slow_growth":{"0":2.093587337,"1":1.6734503766,"2":3.0032705883,"3":2.1999989891,"4":2.2212286797,"5":3.5156372241,"6":1.7965970022,"7":2.0616632693,"8":1.8561452862,"9":1.9586839929,"10":2.421936145,"11":1.9048529265,"12":2.3858147279,"13":2.8966758212,"14":2.6443121404,"15":2.6705632367,"16":2.9954947455,"17":2.9167447761,"18":3.4609250629,"19":3.562782171},"lowO2_slow_growth":{"0":1.480971941,"1":1.133902982,"2":1.9976302102,"3":1.3632175637,"4":1.4624793364,"5":2.4328903454,"6":0.6506613357,"7":1.1504671243,"8":1.1677187758,"9":0.9567984199,"10":0.6260991003,"11":0.9218114437,"12":1.6368289561,"13":2.0830536096,"14":2.1292570042,"15":2.2097574476,"16":2.1411132009,"17":1.8308867155,"18":2.4438149221,"19":2.5061087912},"lowO2_fast_growth.1":{"0":-0.1618369172,"1":0.1272702364,"2":0.1055691029,"3":0.5499131178,"4":0.5639841301,"5":0.3940963605,"6":-0.0578081337,"7":0.4709125919,"8":0.4778686941,"9":0.4879590413,"10":0.0627760428,"11":0.1904571174,"12":0.7198192825,"13":0.1728523815,"14":0.1284133988,"15":-0.1287005472,"16":0.0716550997,"17":0.3775101971,"18":0.3489217938,"19":0.2498684102},"lowO2_low_iron_fast_growth":{"0":0.2871192192,"1":0.5359150483,"2":0.1235916678,"3":0.3233215139,"4":0.3001661882,"5":0.3962566465,"6":0.552470155,"7":0.3750376714,"8":-0.0868271449,"9":-0.6017400355,"10":0.5531057305,"11":0.1214671516,"12":0.3232238111,"13":0.1721429965,"14":0.6114713189,"15":-0.1444488937,"16":-0.4381849148,"17":0.2780851511,"18":0.5303941485,"19":0.0723815205},"WithLanthanum":{"0":2.1352279505,"1":1.8011993581,"2":2.7190942084,"3":2.0990118761,"4":2.7239410698,"5":3.5652782436,"6":1.6866897536,"7":1.8305504668,"8":1.9376663492,"9":1.5804819526,"10":2.3950879703,"11":2.3698069429,"12":2.7217304636,"13":2.9208968144,"14":3.2534980611,"15":2.7615157735,"16":3.1533402578,"17":3.4326318169,"18":3.3339911817,"19":3.7810005246},"NoLanthanum":{"0":1.7958188203,"1":1.4412327665,"2":2.295215849,"3":1.6891746843,"4":2.089557812,"5":2.7844074977,"6":1.1054916856,"7":1.2115965699,"8":1.2829318208,"9":0.9233289449,"10":1.6419649764,"11":1.5444704291,"12":1.9297282956,"13":2.1603723504,"14":2.4077022932,"15":2.0446104134,"16":2.3159232675,"17":2.4815059265,"18":2.5139209757,"19":2.81197866},"crotonic_acid":{"0":0.7997973447,"1":0.4273572809,"2":1.039579384,"3":0.826539996,"4":0.7209556899,"5":1.4961677374,"6":0.4946508148,"7":0.6107196671,"8":0.8160279009,"9":0.7418578545,"10":0.7750596791,"11":0.196900466,"12":0.6139215855,"13":0.583048685,"14":0.3681346139,"15":0.5029528093,"16":0.6635069407,"17":0.6392075458,"18":0.4672797612,"19":0.4956156796},"slow_growth":{"0":0.8617052612,"1":0.7307270917,"2":1.4782880686,"3":0.9145106905,"4":0.6515821303,"5":1.0061011629,"6":0.2118007586,"7":0.8775221229,"8":0.5287316557,"9":0.5424119865,"10":0.1445289068,"11":0.3376722144,"12":0.9920512215,"13":1.0543601578,"14":0.9440236752,"15":0.9554860005,"16":1.2742287566,"17":1.0229203434,"18":1.3857116474,"19":1.4805397153},"unknown":{"0":2.7541408186,"1":1.7693072422,"2":2.9208663705,"3":2.3568745293,"4":2.8160264582,"5":4.4107803169,"6":1.4232628566,"7":2.5443573705,"8":2.3678193278,"9":2.6304654779,"10":3.1663109451,"11":2.8261008455,"12":2.9808741803,"13":3.3449814473,"14":3.4984503685,"15":3.3788347368,"16":3.6084129374,"17":3.5709698981,"18":4.3513254572,"19":3.9484187066},"gene":{"0":null,"1":null,"2":null,"3":null,"4":null,"5":null,"6":null,"7":null,