{"locus_tag":{"0":"EQU24_RS05885","1":"EQU24_RS05890","2":"EQU24_RS05895","3":"EQU24_RS05900","4":"EQU24_RS05905","5":"EQU24_RS05910","6":"EQU24_RS05915","7":"EQU24_RS05920","8":"EQU24_RS05925"},"cluster_id":{"0":18,"1":18,"2":18,"3":18,"4":18,"5":18,"6":18,"7":18,"8":18},"uMax":{"0":0.0949147834,"1":0.0876525507,"2":0.0832333778,"3":0.1171342026,"4":0.0282732171,"5":0.0765785964,"6":-0.0405648506,"7":-0.0139573704,"8":0.056402583},"MeOH":{"0":-1.3960035362,"1":-0.6330825802,"2":-1.1246487745,"3":-0.6457403179,"4":-0.855785508,"5":-0.2093386229,"6":0.3227356127,"7":0.5873400908,"8":0.8110085036},"NoCu":{"0":10.7241682484,"1":10.0228259265,"2":10.2533589145,"3":9.7851820105,"4":8.7875115059,"5":8.3698024872,"6":8.032296833,"7":7.7654150658,"8":7.7490516162},"lowCu":{"0":10.6107003048,"1":9.9834457462,"2":10.232188036,"3":9.7247800992,"4":8.6634623924,"5":8.3211898236,"6":7.5993222076,"7":7.4350176816,"8":7.3656909541},"medCu":{"0":9.0899536379,"1":8.4432391197,"2":8.4566103097,"3":7.8692164581,"4":6.8204838968,"5":6.3775848159,"6":5.6521303854,"7":5.1285353805,"8":5.2037615716},"highCu":{"0":2.0548351699,"1":1.6296064567,"2":2.0593933494,"3":1.7730959547,"4":1.2207996673,"5":0.9706566648,"6":0.6030561213,"7":0.1017485784,"8":0.4553298936},"LanzaTech":{"0":0.8430782062,"1":0.7752933769,"2":1.4099840252,"3":1.1975479419,"4":0.4570932526,"5":0.6858860202,"6":0.7390225971,"7":-0.551031514,"8":0.6208054679},"lowCH4":{"0":-0.4287470717,"1":-0.0974208392,"2":-0.3791330646,"3":-0.0001009473,"4":-0.0844986796,"5":0.0274266936,"6":0.0550843018,"7":-0.1573049921,"8":-0.0245503092},"lowO2_fast_growth":{"0":-0.4240252125,"1":-0.5021095816,"2":-0.7259584303,"3":-0.6251018058,"4":-0.6293781894,"5":-0.5228034972,"6":-0.4329971444,"7":-0.437549308,"8":0.4500714777},"aa3_KO":{"0":1.4625306672,"1":1.17218045,"2":1.2153172984,"3":1.2483113743,"4":0.4670332359,"5":0.3286093756,"6":0.5105569555,"7":-0.8087168037,"8":-0.1255756748},"NO3_lowO2_slow_growth":{"0":0.8946432905,"1":0.7882622039,"2":0.6762682245,"3":0.659791733,"4":0.5043342261,"5":0.1603895329,"6":0.3456413314,"7":-0.3053530409,"8":-0.0659515211},"highO2_slow_growth":{"0":1.349870788,"1":1.7014216077,"2":1.3554171283,"3":1.4226416682,"4":1.7590683213,"5":1.1786230275,"6":1.6256090171,"7":0.6212006041,"8":0.6272589577},"lowO2_slow_growth":{"0":1.0722966875,"1":0.8125803434,"2":1.0449838481,"3":1.1484318577,"4":0.8810859802,"5":0.5006352425,"6":0.7910128081,"7":0.2195013246,"8":-0.0235954574},"lowO2_fast_growth.1":{"0":-0.4240252125,"1":-0.5021095816,"2":-0.7259584303,"3":-0.6251018058,"4":-0.6293781894,"5":-0.5228034972,"6":-0.4329971444,"7":-0.437549308,"8":0.4500714777},"lowO2_low_iron_fast_growth":{"0":-0.8204284241,"1":-0.0995381154,"2":-0.7818103373,"3":-0.2319427462,"4":0.2576207363,"5":-0.2922606364,"6":0.1141637179,"7":0.6233074453,"8":-0.094120846},"WithLanthanum":{"0":0.4379712031,"1":0.5303214599,"2":0.670408953,"3":0.9271035096,"4":0.6826440309,"5":0.1761689737,"6":1.1274964464,"7":0.4405397365,"8":0.2420622377},"NoLanthanum":{"0":0.1920217111,"1":0.3645532995,"2":0.3210840204,"3":0.8281404975,"4":0.3153019994,"5":0.0033465231,"6":0.8872546161,"7":0.2755112539,"8":0.1178434257},"crotonic_acid":{"0":-0.2279772108,"1":-0.3323992161,"2":-0.2356055283,"3":-0.101063828,"4":-0.1798147696,"5":-0.1462377377,"6":0.7358425256,"7":-0.2054029655,"8":-0.0951068702},"slow_growth":{"0":0.9567420019,"1":1.2623485041,"2":1.3102663056,"3":1.4073821339,"4":1.2292475952,"5":0.7174585587,"6":0.8851609527,"7":0.1950168302,"8":0.012472581},"unknown":{"0":-0.1733643143,"1":0.0524693217,"2":-0.0311129515,"3":0.0176920753,"4":-0.6650520686,"5":-0.419179992,"6":0.0095666168,"7":-0.2098366156,"8":0.6470048246},"gene":{"0":null,"1":null,"2":null,"3":null,"4":"mmoD","5":null,"6":null,"7":null,"8":null},"product":{"0":"methane monooxygenase","1":"methane monooxygenase","2":"methane monooxygenase","3":"hypothetical protein","4":"soluble methane monooxygenase-binding protein MmoD","5":"2Fe-2S iron-sulfur cluster binding domain-containing protein","6":"BLUF domain-containing protein","7":"hypothetical protein","8":"chaperonin GroEL"},"start_coord":{"0":1283573,"1":1285264,"2":1286453,"3":1286888,"4":1287718,"5":1287957,"6":1289471,"7":1290051,"8":1290558},"end_coord":{"0":1285151,"1":1286443,"2":1286879,"3":1287392,"4":1287934,"5":1288995,"6":1289897,"7":1290351,"8":1292238},"length":{"0":1579,"1":1180,"2":427,"3":505,"4":217,"5":1039,"6":427,"7":301,"8":1681},"translation":{"0":"MAISAATKAATDALKINRAPVSVGAQEVHRWLQSFSWDFEKNRSKYPTKYHMANDTKEQFKLIAKEYARMESVKDERQFGSLQDALTRLDAGNRIHPKWGETMKVASNFLEVGEYNAIAATGMLWDSATAPEQKNGYLAQVLDEIRHTNQCGYVNYYYTKHFHDPAGHNDARRTRTIGPLWKGMKRVFSDGFISGDAVECSINLQLVGEACFTNPLIVAITEWAAANGDEITPTVFLSIETDELRHMANGYQTVVSIANDEAASKYLNTDLNNAFWTQQKYFTPVLGMLFEYGSKFKVEPWVKTWNRWVYEDWGGIWIGRLGKYGVESPRSLRDAKKDAYWAHHDLFLLAYALWPTGFFRLSLPTQEEMDWYEANYPGWYDHYGKIYQEWRARGCEDPNSGFIPLMWFIENNHEIYIDRVSQVPFCPSLCKGASTLRVHELNGKKHSFSDDWGERMWLMEPERYECQNMFEQYAGRELSEVIAEGHGVRSDGKTLIAQPHTDKNGKLWTLDDIKKLNCVFKDPLA*","1":"MSIQVQQGKRGLTDPDMVKEILAAIPDQPLDTQRKMNYFVKPRGRRLSEYEILTCYSQPTPDWIPGGLDWGDWTQKFHGGRPSWGNETTELQSTDWHKHRDPAKRWHAPYVKDKAEEWRYTSRFLEAYSAEGQGRSIDPVWRDEVLNDYLGAYCFNEYGLFNAHSSASRDCLGDTLRMSIAFIGLDKVDNAQMIQLERTFLAKVFPGFPESTEIPKREWTEGKIYKGAREAVQDIWQATYDWNEILWSCHMVYDPLFGQFVRREFFQRLSSYYGDTLTPFFINQMQLYYHQAKDITSDMFFYCLGDDPEFGDYNRRMLRAWTDKWLPRTVQALHDFMGIFENIPEIAGVTSKDAVEAALARVLDDWQTDYADKISYKFNKAEIIKNIMKGYK*","2":"MSLSSNAYGAGIMAKSGKEFADEYFAEENQVVHESNEVVLVLKKSDEINIVVDEILLGERKDENPTLVVEDRAGYWWLKATGKIEVDCEEVSELLGRTFSVYDFLVDVSSTIGRAYTLGEKFTITSELMGLDRDLEDLKAA*","3":"MANYKIHDNPVRDEWVKKIGALSSLAKGVQFLKDFREQYTTPLRKSFDLELDWGWIELKIEQKLALLKHKEMNDAQILNKNADGTDAQQVANQVLASMDRCNDKWEAEKIHIQFRQQWKPPLMPVNVFQDTDRLLGNKLMELRNANYYDMPLEELRKARGVNVVTLQ*","4":"MPKDTYDANDERILLLQDGNYSAYAQDVECMWRWTIYRNKELVQEGCSLSLRSAKEAVDHVMSFYAIAKKN*","5":"MTSAHQVRIITQDEQDVFLECKNDEDVISAALRQDIYLMASCREGGCATCKGFCSEGDYKMGKVSVQALPPDEEEEGMVLLCRCYPETDIEVEVPYTYDRISFSPEDLCFETEITEVSQISSNVYRLCLKRLGTNQQIKLAAGQYYELQIPGTETWRSYSPANTENNEGLMEFLIRVLPDGKFSKFLMHDAQIGQTVHVKGPSGVFGLKENGFTPRYFVAGGTGLAPILSMVRHMKAWEEPQQSVIYFGVNTEDEIFYVDELNRLADEMPNLTVRSCVWKATDTWNGEKGSVVDILRRDLVETGAKPDLYLCGPPGMVDATYAVCTEVGIPKEHVYLEKFLPSIS*","6":"MSLICLVYVSLANQSMSDEHLKDMLKKARANNEKHDITGMLLFRDGFFMQALEGKEDLVVTLFNKIAQDSRHRDVMLVYKKPIKERSFSQWTMGFNKIDNETLDCMDGFCDFMQKPTPEFFMERASEAEALLNEFKHQIFF*","7":"MKESDFEFIDEMVSQLEGTIENLVQEERRLADKIGHARVEELKCYWHGELEPDEIEEFKGGLDYWDKLIIFTWSRLNRVHETRAMAGRAIMKNNQLKGK*","8":"MTIDVIFNPEASERVLSGIRTVARAASVTFGSSGPSVVIQHRTDGIPPIITRDGVTVANSIQFEDRVADLGARMLRDVAGSVSREVGDGTTTAIVLAQTLAIESIKSVAAGFHPLQIKQGLEGALAIVEAQLQSMAIIHSGLDWLESLAMVATKQEQAASRLLAKAHQELDGKGELSFELGNSREDELEIVDGLRYEQGYLSPYFVTDKDRAEAVLDNPYILLYDREIGDLMDLIPILEQVREQERSLLIIAENVIDKALTGLLLNHVRGVFRAVAVKPPGFGDRRRDRLNDLAVLTGGQAILEDGLLTLDTIDLSHLGQARRVIINELTTTIIGATGDPEQIEPLIARLTREADLVRARRPGEGSPTGNLHELEELEERINALSGKNGIFKVGGSTDFEIKERMVRIENAYKSIQAAMAEGVIPGCGIGLYRCIEALREPVANDARQHAVRIMQEALRAPTRQLLINSGINPETVFAVIDSDRDLDIAFDTIQNRFGNCLDIGVVDSVKVVRLALRNAVSVITTLITAETVLMHVPDLSIMAGYSPEWAAATREDPRE*"},"group":{"0":"smo","1":"smo","2":"smo","3":"smo","4":"smo","5":"smo","6":"cu_repressible","7":"cu_repressible","8":"smo"},"go_terms":{"0":"['GO:0005515', 'GO:0006725', 'GO:0006730', 'GO:0015049', 'GO:0046872', 'GO:0055114']","1":"['GO:0006725', 'GO:0015049', 'GO:0055114']","2":"['GO:0004497', 'GO:0006725', 'GO:0055114']","3":"['GO:0015049', 'GO:0015947', 'GO:0055114']","4":"['GO:0004497', 'GO:0055114']","5":"['GO:0009055', 'GO:0015049', 'GO:0022900', 'GO:0046872', 'GO:0051537']","6":"['GO:0009785', 'GO:0009882', 'GO:0071949']","7":"[]","8":"['GO:0005524', 'GO:0042026']"},"desc_string":{"0":"EQU24_RS05885||methane monooxygenase","1":"EQU24_RS05890||methane monooxygenase","2":"EQU24_RS05895||methane monooxygenase","3":"EQU24_RS05900||hypothetical protein","4":"EQU24_RS05905|mmoD|soluble methane monooxygenase-binding protein MmoD","5":"EQU24_RS05910||2Fe-2S iron-sulfur cluster binding domain-containing protein","6":"EQU24_RS05915||BLUF domain-containing protein",