{"locus_tag":{"0":"EQU24_RS18090","1":"EQU24_RS18095","2":"EQU24_RS18100","3":"EQU24_RS18105","4":"EQU24_RS18110","5":"EQU24_RS18115","6":"EQU24_RS18120","7":"EQU24_RS18125","8":"EQU24_RS18130","9":"EQU24_RS18135","10":"EQU24_RS18140","11":"EQU24_RS18145","12":"EQU24_RS18150","13":"EQU24_RS18155","14":"EQU24_RS18425"},"cluster_id":{"0":13,"1":13,"2":13,"3":13,"4":13,"5":13,"6":13,"7":13,"8":13,"9":13,"10":13,"11":13,"12":13,"13":13,"14":13},"LanzaTech":{"0":0.413834703,"1":0.8848275705,"2":1.0719963022,"3":0.8662711141,"4":0.6078068633,"5":0.8570665963,"6":0.7968497967,"7":1.5371729692,"8":1.2376104634,"9":1.7558636978,"10":1.6498215701,"11":-1.0236716682,"12":-0.9785613614,"13":-1.369912835,"14":-0.8408812497},"MeOH":{"0":-0.5517791734,"1":-0.828132272,"2":0.062003111,"3":-0.9174270088,"4":-0.1714317229,"5":-0.7393686893,"6":-0.9645142163,"7":-1.1560096502,"8":-2.2398536603,"9":-1.8704815767,"10":-1.715231165,"11":-0.4312204932,"12":-0.9926490633,"13":-1.588750156,"14":0.6178891058},"NO3_lowO2_slow_growth":{"0":0.4199626262,"1":0.701352594,"2":0.4460578523,"3":0.8487695572,"4":0.2704214957,"5":0.4220537775,"6":0.8329612335,"7":1.0213978719,"8":1.2219815857,"9":1.5715056468,"10":1.6308966228,"11":0.3709467446,"12":0.1434763691,"13":-0.8406037134,"14":0.261447256},"NoCu":{"0":-0.1409976943,"1":-0.2397249387,"2":-0.2141452973,"3":-0.0839769641,"4":-0.1586543293,"5":-0.0549418997,"6":0.2750114018,"7":1.2243971748,"8":0.6051526357,"9":0.5748867343,"10":0.7163571631,"11":0.2809556521,"12":-0.2098664131,"13":-0.096500982,"14":0.009943841},"NoLanthanum":{"0":-0.5424579819,"1":-0.6252841252,"2":-0.6078820899,"3":-0.4662529384,"4":-0.8628354553,"5":-0.2935415066,"6":0.0496419812,"7":1.1199233221,"8":0.2634570433,"9":0.5612055615,"10":0.8232572275,"11":-0.1988101573,"12":-1.2112217001,"13":-2.1230725693,"14":-0.0957989348},"WT_control":{"0":0.7891453061,"1":0.9860160117,"2":0.4809510932,"3":0.8143528425,"4":0.4548936444,"5":0.5922487066,"6":0.9931842464,"7":1.5642749433,"8":1.3842409893,"9":1.6774444377,"10":2.0180219787,"11":0.5274712137,"12":0.0862415006,"13":-1.0563070315,"14":0.835341582},"WithLanthanum":{"0":-1.5801430569,"1":-1.6325280864,"2":-1.6141474166,"3":-1.5042474168,"4":-1.9515217733,"5":-1.2817675041,"6":-0.978213123,"7":0.1074619528,"8":-0.8328387328,"9":-0.5473074314,"10":-0.4180663082,"11":-1.1619650642,"12":-1.9881467746,"13":-3.0468366839,"14":-0.1328111372},"aa3_KO":{"0":0.5253527592,"1":0.5892432909,"2":0.2719709958,"3":0.8094242904,"4":0.2497843915,"5":0.3852060556,"6":0.7705142536,"7":1.495244384,"8":1.2642218485,"9":1.4148383345,"10":1.8216724952,"11":0.2652332513,"12":-0.1120756008,"13":-0.3467275613,"14":0.3714106676},"crotonic_acid":{"0":-5.6523974637,"1":-7.0894503881,"2":-8.1115893018,"3":-8.2227601677,"4":-9.0128626193,"5":-8.1708648188,"6":-8.5772618039,"7":-10.2022543179,"8":-10.8880292935,"9":-10.6548132113,"10":-10.4207550075,"11":-6.1637483436,"12":-6.5218124409,"13":-8.4958024027,"14":-4.8128359196},"highCu":{"0":0.055909339,"1":-0.1293454252,"2":0.0138159218,"3":0.0528820793,"4":-0.0460016638,"5":0.0384134865,"6":0.6922961459,"7":1.2345798496,"8":0.9889020489,"9":0.9660519239,"10":0.839670098,"11":0.5981461183,"12":-0.0129714802,"13":0.4947474106,"14":-0.0971289374},"highO2_slow_growth":{"0":0.0383240183,"1":0.2402719254,"2":0.069975363,"3":0.5666449096,"4":0.1835624217,"5":0.2895656956,"6":0.4936081837,"7":0.263909081,"8":0.22296368,"9":0.5132576115,"10":-0.0509500319,"11":0.1580446263,"12":0.329079025,"13":-0.7634653249,"14":0.4074923702},"lowCH4":{"0":-0.0548263023,"1":-0.3763108282,"2":-0.0936230999,"3":-0.4871807127,"4":0.2390207821,"5":-0.1293315658,"6":0.0771161246,"7":1.0699180545,"8":0.1433697696,"9":0.3329407652,"10":0.8184508274,"11":0.1946441056,"12":0.5787643864,"13":-0.0850128243,"14":0.5800610167},"lowCu":{"0":-0.1450412858,"1":-0.131226174,"2":-0.0762884259,"3":-0.0199534418,"4":-0.0350738112,"5":0.0816759988,"6":0.4557139664,"7":1.2619924596,"8":0.7896092931,"9":0.8939756906,"10":0.8720879448,"11":0.1114330074,"12":-0.153850536,"13":-0.1907708573,"14":0.0672136093},"lowO2_fast_growth":{"0":0.4072847207,"1":0.2511824959,"2":0.5230877676,"3":0.0616706968,"4":0.2301798252,"5":0.0608240661,"6":-0.3837259127,"7":0.2256855748,"8":0.1299664199,"9":0.1434025477,"10":0.5944773704,"11":0.1656838977,"12":0.534992329,"13":0.0748267116,"14":0.3365023151},"lowO2_low_iron_fast_growth":{"0":-0.0155666113,"1":-0.1737297472,"2":-0.0676530686,"3":-0.1841790411,"4":-0.0597905008,"5":-0.4925764424,"6":-0.328774919,"7":0.7513590555,"8":-0.0030252965,"9":0.1281789122,"10":0.635670039,"11":0.1359418198,"12":-0.1912464002,"13":-0.3614994813,"14":0.4299672132},"lowO2_slow_growth":{"0":0.0209292719,"1":-0.0395867883,"2":-0.1705879012,"3":0.1929301957,"4":-0.1184021083,"5":0.089997373,"6":0.2830970426,"7":1.0346162104,"8":0.7197222986,"9":0.8317874411,"10":0.6982836227,"11":0.0795795343,"12":0.0633982519,"13":-0.718735603,"14":0.1714043259},"medCu":{"0":-0.124812881,"1":-0.0845708874,"2":-0.0074727784,"3":-0.1922661315,"4":-0.1522012725,"5":0.0511530223,"6":0.3707317557,"7":1.5209436104,"8":0.8494330665,"9":0.7820117245,"10":0.8414334908,"11":0.2891069911,"12":0.3506689092,"13":0.489926145,"14":0.3853912849},"slow_growth":{"0":0.447193664,"1":0.4033132693,"2":0.3094114487,"3":0.6906060305,"4":0.1883387603,"5":0.5829513667,"6":1.0232879507,"7":1.8252698121,"8":1.6123941084,"9":1.7827155324,"10":1.8948855741,"11":0.1552190771,"12":-0.1913026664,"13":-0.7195431717,"14":0.3622879472},"uMax":{"0":0.2276447622,"1":0.231543874,"2":0.2330909294,"3":0.2330946456,"4":0.231823601,"5":0.2313595448,"6":0.232739235,"7":0.235183127,"8":0.2349862003,"9":0.2348436548,"10":0.2351866514,"11":0.2230731235,"12":0.228334635,"13":0.23442427,"14":0.2305700942},"unknown":{"0":0.0523732278,"1":-0.0057485034,"2":0.9437555259,"3":0.0154952991,"4":-0.1944407947,"5":-0.7460208961,"6":0.7271848116,"7":-0.2971605453,"8":-0.3250553456,"9":0.3627767821,"10":0.556692197,"11":-1.1012499547,"12":-1.1580779897,"13":-1.3429384216,"14":-0.7329513335}}