{"locus_tag":{"0":"EQU24_RS00625","1":"EQU24_RS00630","2":"EQU24_RS00635","3":"EQU24_RS00640","4":"EQU24_RS00645","5":"EQU24_RS01445","6":"EQU24_RS02735","7":"EQU24_RS02740","8":"EQU24_RS02745","9":"EQU24_RS02750","10":"EQU24_RS02755","11":"EQU24_RS03465","12":"EQU24_RS03550","13":"EQU24_RS04130","14":"EQU24_RS04230","15":"EQU24_RS05785","16":"EQU24_RS06860","17":"EQU24_RS07485","18":"EQU24_RS08045","19":"EQU24_RS08835","20":"EQU24_RS08845","21":"EQU24_RS08860","22":"EQU24_RS09300","23":"EQU24_RS09560","24":"EQU24_RS11380","25":"EQU24_RS12090","26":"EQU24_RS12810","27":"EQU24_RS12820","28":"EQU24_RS12825","29":"EQU24_RS16040","30":"EQU24_RS16985","31":"EQU24_RS17885","32":"EQU24_RS18835","33":"EQU24_RS18840","34":"EQU24_RS18845","35":"EQU24_RS18850","36":"EQU24_RS18855","37":"EQU24_RS19045","38":"EQU24_RS20615","39":"EQU24_RS21585","40":"EQU24_RS21590","41":"EQU24_RS21600","42":"EQU24_RS21605","43":"EQU24_RS21615","44":"EQU24_RS21620"},"cluster_id":{"0":3,"1":3,"2":3,"3":3,"4":3,"5":3,"6":3,"7":3,"8":3,"9":3,"10":3,"11":3,"12":3,"13":3,"14":3,"15":3,"16":3,"17":3,"18":3,"19":3,"20":3,"21":3,"22":3,"23":3,"24":3,"25":3,"26":3,"27":3,"28":3,"29":3,"30":3,"31":3,"32":3,"33":3,"34":3,"35":3,"36":3,"37":3,"38":3,"39":3,"40":3,"41":3,"42":3,"43":3,"44":3},"uMax":{"0":-8.1005803284,"1":-8.1005803284,"2":-8.1005803284,"3":-8.1005803284,"4":-8.1005803284,"5":-8.1005803284,"6":-8.1005803284,"7":-8.1005803284,"8":-8.1005803284,"9":-8.1005803284,"10":-8.1005803284,"11":-8.1005803284,"12":-8.1005803284,"13":-8.1005803284,"14":-8.1005803284,"15":-8.1005803284,"16":-8.1005803284,"17":-8.1005803284,"18":-8.1005803284,"19":-8.1005803284,"20":-8.1005803284,"21":-8.1005803284,"22":-8.1005803284,"23":-8.1005803284,"24":-8.1005803284,"25":-8.1005803284,"26":-8.1005803284,"27":-8.1005803284,"28":-8.1005803284,"29":-7.4948844598,"30":-8.1005803284,"31":-8.1005803284,"32":-8.1005803284,"33":-8.1005803284,"34":-8.1005803284,"35":-8.1005803284,"36":-8.1005803284,"37":-8.1005803284,"38":-8.1005803284,"39":-8.1005803284,"40":-8.1005803284,"41":-8.1005803284,"42":-8.1005803284,"43":-8.1005803284,"44":-8.1005803284},"MeOH":{"0":-4.0454970729,"1":-4.0454970729,"2":-4.0454970729,"3":-4.0454970729,"4":-4.0454970729,"5":-4.0454970729,"6":-4.0454970729,"7":-4.0454970729,"8":-4.0454970729,"9":-4.0454970729,"10":-4.0454970729,"11":-4.0454970729,"12":-4.0454970729,"13":-4.0454970729,"14":-4.0454970729,"15":-4.0454970729,"16":-4.0454970729,"17":-4.0454970729,"18":-4.0454970729,"19":-4.0454970729,"20":-4.0454970729,"21":-4.0454970729,"22":-4.0454970729,"23":-4.0454970729,"24":-4.0454970729,"25":-4.0454970729,"26":-4.0454970729,"27":-4.0454970729,"28":-4.0454970729,"29":-4.0693699975,"30":-4.0454970729,"31":-4.0454970729,"32":-4.0454970729,"33":-4.0454970729,"34":-4.0454970729,"35":-4.0454970729,"36":-4.0454970729,"37":-4.0454970729,"38":-4.0454970729,"39":-4.0454970729,"40":-4.0454970729,"41":-4.0454970729,"42":-4.0454970729,"43":-4.0454970729,"44":-4.0454970729},"NoCu":{"0":-4.4768208943,"1":-4.4768208943,"2":-4.4768208943,"3":-4.4768208943,"4":-4.4768208943,"5":-4.4768208943,"6":-4.4768208943,"7":-4.4768208943,"8":-4.4768208943,"9":-4.4768208943,"10":-4.4768208943,"11":-4.4768208943,"12":-4.4768208943,"13":-4.4768208943,"14":-4.4768208943,"15":-4.4768208943,"16":-4.4768208943,"17":-4.4768208943,"18":-4.4768208943,"19":-4.4768208943,"20":-4.4768208943,"21":-4.4768208943,"22":-4.4768208943,"23":-4.4768208943,"24":-4.4768208943,"25":-4.4768208943,"26":-4.4768208943,"27":-4.4768208943,"28":-4.4768208943,"29":-4.4965398552,"30":-4.4768208943,"31":-4.4768208943,"32":-4.4768208943,"33":-4.4768208943,"34":-4.4768208943,"35":-4.4768208943,"36":-4.4768208943,"37":-4.4768208943,"38":-4.4768208943,"39":-4.4768208943,"40":-4.4768208943,"41":-4.4768208943,"42":-4.4768208943,"43":-4.4768208943,"44":-4.4768208943},"lowCu":{"0":-4.5766647594,"1":-4.5766647594,"2":-4.5766647594,"3":-4.5766647594,"4":-4.5766647594,"5":-4.5766647594,"6":-4.5766647594,"7":-4.5766647594,"8":-4.5766647594,"9":-4.5766647594,"10":-4.5766647594,"11":-4.5766647594,"12":-4.5766647594,"13":-4.5766647594,"14":-4.5766647594,"15":-4.5766647594,"16":-4.5766647594,"17":-4.5766647594,"18":-4.5766647594,"19":-4.5766647594,"20":-4.5766647594,"21":-4.5766647594,"22":-4.5766647594,"23":-4.5766647594,"24":-4.5766647594,"25":-4.5766647594,"26":-4.5766647594,"27":-4.5766647594,"28":-4.5766647594,"29":-4.5971927152,"30":-4.5766647594,"31":-4.5766647594,"32":-4.5766647594,"33":-4.5766647594,"34":-4.5766647594,"35":-4.5766647594,"36":-4.5766647594,"37":-4.5766647594,"38":-4.5766647594,"39":-4.5766647594,"40":-4.5766647594,"41":-4.5766647594,"42":-4.5766647594,"43":-4.5766647594,"44":-4.5766647594},"medCu":{"0":-5.0937241696,"1":-5.0937241696,"2":-5.0937241696,"3":-5.0937241696,"4":-5.0937241696,"5":-5.0937241696,"6":-5.0937241696,"7":-5.0937241696,"8":-5.0937241696,"9":-5.0937241696,"10":-5.0937241696,"11":-5.0937241696,"12":-5.0937241696,"13":-5.0937241696,"14":-5.0937241696,"15":-5.0937241696,"16":-5.0937241696,"17":-5.0937241696,"18":-5.0937241696,"19":-5.0937241696,"20":-5.0937241696,"21":-5.0937241696,"22":-5.0937241696,"23":-5.0937241696,"24":-5.0937241696,"25":-5.0937241696,"26":-5.0937241696,"27":-5.0937241696,"28":-5.0937241696,"29":-5.1171056941,"30":-5.0937241696,"31":-5.0937241696,"32":-5.0937241696,"33":-5.0937241696,"34":-5.0937241696,"35":-5.0937241696,"36":-5.0937241696,"37":-5.0937241696,"38":-5.0937241696,"39":-5.0937241696,"40":-5.0937241696,"41":-5.0937241696,"42":-5.0937241696,"43":-5.0937241696,"44":-5.0937241696},"highCu":{"0":-6.2031850742,"1":-6.2031850742,"2":-6.2031850742,"3":-6.2031850742,"4":-6.2031850742,"5":-6.2031850742,"6":-6.2031850742,"7":-6.2031850742,"8":-6.2031850742,"9":-6.2031850742,"10":-6.2031850742,"11":-6.2031850742,"12":-6.2031850742,"13":-6.2031850742,"14":-6.2031850742,"15":-6.2031850742,"16":-6.2031850742,"17":-6.2031850742,"18":-6.2031850742,"19":-6.2031850742,"20":-6.2031850742,"21":-6.2031850742,"22":-6.2031850742,"23":-6.2031850742,"24":-6.2031850742,"25":-6.2031850742,"26":-6.2031850742,"27":-6.2031850742,"28":-6.2031850742,"29":-6.2311757741,"30":-6.2031850742,"31":-6.2031850742,"32":-6.2031850742,"33":-6.2031850742,"34":-6.2031850742,"35":-6.2031850742,"36":-6.2031850742,"37":-6.2031850742,"38":-6.2031850742,"39":-6.2031850742,"40":-6.2031850742,"41":-6.2031850742,"42":-6.2031850742,"43":-6.2031850742,"44":-6.2031850742},"LanzaTech":{"0":-4.0731076179,"1":-4.0731076179,"2":-4.0731076179,"3":-4.0731076179,"4":-4.0731076179,"5":-4.0731076179,"6":-4.0731076179,"7":-4.0731076179,"8":-4.0731076179,"9":-4.0731076179,"10":-4.0731076179,"11":-4.0731076179,"12":-4.0731076179,"13":-4.0731076179,"14":-4.0731076179,"15":-4.0731076179,"16":-4.0731076179,"17":-4.0731076179,"18":-4.0731076179,"19":-4.0731076179,"20":-4.0731076179,"21":-4.0731076179,"22":-4.0731076179,"23":-4.0731076179,"24":-4.0731076179,"25":-4.0731076179,"26":-4.0731076179,"27":-4.0731076179,"28":-4.0731076179,"29":-4.093290691,"30":-4.0731076179,"31":-4.0731076179,"32":-4.0731076179,"33":-4.0731076179,"34":-4.0731076179,"35":-4.0731076179,"36":-4.0731076179,"37":-4.0731076179,"38":-4.0731076179,"39":-4.0731076179,"40":-4.0731076179,"41":-4.0731076179,"42":-4.0731076179,"43":-4.0731076179,"44":-4.0731076179},"lowCH4":{"0":-5.4551885341,"1":-5.4551885341,"2":-5.4551885341,"3":-5.4551885341,"4":-5.4551885341,"5":-5.4551885341,"6":-5.4551885341,"7":-5.4551885341,"8":-5.4551885341,"9":-5.4551885341,"10":-5.4551885341,"11":-5.4551885341,"12":-5.4551885341,"13":-5.4551885341,"14":-5.4551885341,"15":-5.4551885341,"16":-5.4551885341,"17":-5.4551885341,"18":-5.4551885341,"19":-5.4551885341,"20":-5.4551885341,"21":-5.4551885341,"22":-5.4551885341,"23":-5.4551885341,"24":-5.4551885341,"25":-5.4551885341,"26":-5.4551885341,"27":-5.4551885341,"28":-5.4551885341,"29":-5.4828386145,"30":-5.4551885341,"31":-5.4551885341,"32":-5.4551885341,"33":-5.4551885341,"34":-5.4551885341,"35":-5.4551885341,"36":-5.4551885341,"37":-5.4551885341,"38":-5.4551885341,