{"locus_tag":{"0":"EQU24_RS14140","1":"EQU24_RS17065","2":"EQU24_RS17070","3":"EQU24_RS17075","4":"EQU24_RS17080","5":"EQU24_RS17085","6":"EQU24_RS17090","7":"EQU24_RS17200","8":"EQU24_RS17205","9":"EQU24_RS17210","10":"EQU24_RS17215","11":"EQU24_RS17220","12":"EQU24_RS17225","13":"EQU24_RS17230","14":"EQU24_RS17250","15":"EQU24_RS17255","16":"EQU24_RS17260","17":"EQU24_RS17265","18":"EQU24_RS17290","19":"EQU24_RS17295","20":"EQU24_RS17300","21":"EQU24_RS17325","22":"EQU24_RS17330","23":"EQU24_RS17335","24":"EQU24_RS17340","25":"EQU24_RS17345"},"cluster_id":{"0":1,"1":1,"2":1,"3":1,"4":1,"5":1,"6":1,"7":1,"8":1,"9":1,"10":1,"11":1,"12":1,"13":1,"14":1,"15":1,"16":1,"17":1,"18":1,"19":1,"20":1,"21":1,"22":1,"23":1,"24":1,"25":1},"uMax":{"0":0.2072235954,"1":-0.059084901,"2":-0.1388674162,"3":-0.3247295144,"4":-0.5375735381,"5":-0.3101262435,"6":-0.0787323833,"7":-0.151101061,"8":-0.0445841292,"9":-0.078646817,"10":-0.44739063,"11":-0.430083666,"12":-0.3879166237,"13":-0.0889665936,"14":-0.496166179,"15":-0.3250868603,"16":-0.1997889407,"17":-0.3631633427,"18":-0.1543950981,"19":-0.1511532984,"20":-0.0898422307,"21":-1.7134710053,"22":-1.4602461665,"23":-0.9415547008,"24":-0.2948641632,"25":-0.3831078008},"MeOH":{"0":-2.9663352812,"1":-1.6345328045,"2":0.0935423401,"3":-0.2142622657,"4":-0.7026852334,"5":-0.1585861827,"6":-0.750235769,"7":-0.7165757425,"8":-0.8851877446,"9":-1.1076434308,"10":0.5010298747,"11":1.0942362907,"12":-0.0568455574,"13":-0.3877868651,"14":-0.1680228995,"15":0.109723685,"16":-0.0779898095,"17":-0.9587196215,"18":-0.4403453255,"19":-0.3867748467,"20":-0.6909937101,"21":-0.7017400755,"22":-1.2841533398,"23":0.0867632117,"24":-0.0845093745,"25":-0.4314122384},"NoCu":{"0":-0.5230739795,"1":1.0978306387,"2":0.5849143332,"3":0.9938314044,"4":0.1197452231,"5":-0.0070415775,"6":-0.8576480751,"7":-0.4017612271,"8":-0.1068782293,"9":0.0394898664,"10":-0.7359805116,"11":-0.51199027,"12":0.6229121084,"13":-0.2208644447,"14":-0.9617204182,"15":-0.6809981499,"16":-1.4377151075,"17":-1.2650701939,"18":-0.2875764109,"19":-0.0301828529,"20":-0.4384664623,"21":-0.2297277491,"22":-0.941176076,"23":-0.7590873726,"24":-0.5739243771,"25":-1.1222653863},"lowCu":{"0":-0.5148027094,"1":1.1832659397,"2":0.7391459525,"3":1.1223863247,"4":0.9120868375,"5":0.2340337878,"6":0.0710584274,"7":-0.1810198622,"8":0.0600800408,"9":0.1611068755,"10":-0.1466865542,"11":0.1227987368,"12":0.2858815255,"13":0.0006706231,"14":-0.9257081146,"15":-0.3839590929,"16":-1.1198806025,"17":-0.3914218315,"18":0.182615815,"19":-0.3081698814,"20":-0.2111694234,"21":-0.9216738979,"22":-0.3872076161,"23":-0.4975693341,"24":-1.0505052037,"25":-0.8124213325},"medCu":{"0":-0.4973435868,"1":1.1706639276,"2":0.647455115,"3":0.8356651026,"4":0.7692443613,"5":-0.0981272038,"6":-0.0429443134,"7":-0.2587468914,"8":0.0861531849,"9":0.2777086035,"10":-0.3980824088,"11":0.2182323978,"12":0.0588301413,"13":-0.0040516216,"14":-0.4394406357,"15":-0.0970832777,"16":-0.6565924876,"17":-0.1717498487,"18":-0.069891242,"19":-0.356436482,"20":-0.4986296081,"21":-1.0476209478,"22":-0.5877059529,"23":-0.6689660922,"24":-1.270552425,"25":-1.1159790344},"highCu":{"0":-0.6772066695,"1":0.1877481139,"2":0.0279830461,"3":-0.1591626144,"4":-0.0869229349,"5":-0.7184947334,"6":-0.4817118827,"7":-0.6570508252,"8":0.0531447616,"9":0.5524068831,"10":-0.8397562003,"11":0.1736702391,"12":-0.2718276313,"13":-0.2915073774,"14":-0.7342079705,"15":-0.5092168969,"16":-1.5974140183,"17":-0.0457025171,"18":-0.3714061471,"19":-1.074400114,"20":-0.9979850975,"21":-0.8828086863,"22":-1.4445517613,"23":-0.3247870488,"24":-1.2677317861,"25":-1.6166641116},"LanzaTech":{"0":-1.3377340264,"1":0.8006228286,"2":0.6014836438,"3":0.6661140646,"4":0.9726507564,"5":0.3275416979,"6":0.4800877047,"7":0.2664702455,"8":0.3098735102,"9":-0.3851240836,"10":-0.2858734004,"11":0.1404964028,"12":0.395263911,"13":0.2849344525,"14":-0.4346984209,"15":-0.5435105476,"16":-0.8669349139,"17":-1.7228013738,"18":0.0644370121,"19":-0.1571250198,"20":0.1642641743,"21":-0.4671644667,"22":-0.7067137539,"23":-0.4512518582,"24":-0.2206469892,"25":-0.0926130914},"lowCH4":{"0":-2.904581202,"1":-0.9519655908,"2":-0.679560595,"3":-0.5118271582,"4":-0.0360976256,"5":-0.6015943587,"6":-0.4860418006,"7":-0.7432586288,"8":-0.2696254034,"9":-0.9559766416,"10":-0.5599651268,"11":-0.0475106415,"12":-0.1897026758,"13":-0.7934443666,"14":-0.3789501337,"15":0.0666751113,"16":-0.858576496,"17":-1.064771784,"18":-0.0603810332,"19":-0.7007702871,"20":-0.126187263,"21":-0.6025037223,"22":-0.4235333775,"23":-0.5792089142,"24":-0.9595396019,"25":-0.5419987733},"lowO2_fast_growth":{"0":5.6032220645,"1":5.365371202,"2":3.3441363381,"3":3.6200769006,"4":2.6237810904,"5":2.6130056651,"6":1.3692004558,"7":1.7233280734,"8":2.3468757771,"9":2.2015805177,"10":1.8556619613,"11":2.7650836504,"12":2.4042593687,"13":2.1469385476,"14":2.4087175852,"15":2.6885513302,"16":2.2689351492,"17":2.0959391468,"18":1.3543319163,"19":1.8182314258,"20":1.9373003568,"21":2.3659002777,"22":1.9326951311,"23":2.8157309175,"24":2.7858768084,"25":1.8369536885},"aa3_KO":{"0":6.9956210866,"1":8.3464429284,"2":7.6331606423,"3":7.8828777964,"4":7.3100090322,"5":6.2634241123,"6":5.299952983,"7":5.6456372994,"8":5.9420606209,"9":5.9505152585,"10":5.1378229737,"11":6.1195564971,"12":6.4963557007,"13":6.0211996252,"14":5.3995003882,"15":5.6545861232,"16":5.4841905062,"17":5.326058145,"18":5.3718853889,"19":5.4915166787,"20":5.7574531278,"21":6.0372881079,"22":6.4287214772,"23":5.8292603338,"24":5.7362552491,"25":4.9648133916},"NO3_lowO2_slow_growth":{"0":7.5017965528,"1":8.4263184662,"2":7.5221935277,"3":7.7854183229,"4":6.923158198,"5":5.9015212263,"6":4.711709879,"7":4.9664761886,"8":5.1638320578,"9":5.1068008489,"10":4.574932751,"11":5.6421227404,"12":5.9357608894,"13":5.3379765883,"14":4.5955431216,"15":5.1176000122,"16":4.9461248399,"17":4.7995225638,"18":4.4092874699,"19":4.5962190702,"20":4.766964454,"21":4.9096339063,"22":4.8822617406,"23":4.7082994285,"24":4.5539197222,"25":3.9743860881},"highO2_slow_growth":{"0":-2.0928591149,"1":1.873275463,"2":1.5906675697,"3":1.9588787984,"4":1.919681429,"5":0.6681490087,"6":-0.6130601961,"7":0.9029610008,"8":0.451516254,"9":0.9504335302,"10":0.4204453305,"11":1.518519117,"12":1.6197292638,"13":0.8214714005,"14":0.1776730605,"15":0.6753754184,"16":0.1820749917,"17":0.1908811779,"18":1.2844828992,"19":0.5251637628,"20":0.9395374955,"21":0.2415490074,"22":1.0453082564,"23":0.6212769521,"24":-0.3433875762,"25":-0.3468289309},"lowO2_slow_growth":{"0":3.8105399861,"1":7.5183469818,"2":7.1657383931,"3":7.4526724569,"4":6.90916571,"5":6.0358588421,"6":5.2603272105,"7":5.0362401834,"8":5.4286981023,"9":5.4699827844,"10":4.6666688062,"11":5.2395024743,"12":5.610034333,"13":5.2189489395,"14":4.5666855568,"15":4.851772172,"16":4.5536901104,"17":4.8409035707,"18":4.5865702841,"19":3.9894207308,"20":4.6416882572,"21":4.8585453836,"22":5.364400211,"23":5.0292462148,"24":4.3425125651,"25":4.0668130102},"lowO2_fast_growth.1":{"0":5.6032220645,"1":5.365371202,"2":3.3441363381,"3":3.6200769006,"4":2.6237810904,"5":2.6130056651,"6":1.3692004558,"7":1.7233280734,"8":2.3468757771,"9":2.2015805177,"10":1.8556619613,"11":2.7650836504,"12":2.4042593687,"13":2.1469385476,"14":2.4087175852,"15":2.6885513302,"16":2.2689351492,"17":2.0959391468,"18":1.3543319163,"19":1.8182314258,"20":1.9373003568,"21":2.3659002777,"22":1.9326951311,"23":2.8157309175,"24":2.7858768084,"25":1.8369536885},"lowO2_low_iron_fast_growth":{"0":2.2134216852,"1":1.0844057289,"2":0.2163719339,"3":0.6613844761,"4":1.4827339428,"5":-0.1992310755,"6":-0.3308921154,"7":-0.1429753045,"8":0.195948875,"9":-1.5609318155,"10":0.1111555304,"11":0.5146861403,"12":0.2982052476,"13":0.2427068687,"14":0.3555524826,"15":0.5096080028,"16":0.3750554321,"17":1.4404836014,"18":0.0483520334,"19":-0.881317381,"20":0.2305788149,"21":0.4179212494,"22":-0.8326384529,"23":-0.116863209,"24":-0.0671759652,"25":-0.3610639286},