{"locus_tag":{"0":"EQU24_RS10515","1":"EQU24_RS10520","2":"EQU24_RS10525","3":"EQU24_RS10530","4":"EQU24_RS10535","5":"EQU24_RS10540","6":"EQU24_RS10545","7":"EQU24_RS10550","8":"EQU24_RS10655","9":"EQU24_RS10660","10":"EQU24_RS10665"},"cluster_id":{"0":25,"1":25,"2":25,"3":25,"4":25,"5":25,"6":25,"7":25,"8":25,"9":25,"10":25},"uMax":{"0":-0.0035747735,"1":-0.1753961206,"2":0.0542609563,"3":-0.4791201651,"4":-0.450649369,"5":-0.196452548,"6":-0.3090871432,"7":-0.0043298219,"8":-0.3591407894,"9":-0.3772973558,"10":-0.6304882095},"MeOH":{"0":-0.261900365,"1":-0.0359200132,"2":1.1376004338,"3":0.5153929221,"4":-0.252720595,"5":-0.09573457,"6":0.4735920207,"7":1.3958755802,"8":-0.1788880626,"9":-0.1924071115,"10":-0.3854197238},"NoCu":{"0":3.9272664328,"1":4.4080723638,"2":4.0124780553,"3":5.2553729499,"4":5.1107593601,"5":4.8825942514,"6":5.0342641798,"7":3.8997466442,"8":3.8216353074,"9":4.7214225856,"10":5.540714669},"lowCu":{"0":4.2199690375,"1":4.8667033559,"2":4.2157397231,"3":5.5179511357,"4":5.3352787601,"5":5.2149897873,"6":5.2988734063,"7":4.040952083,"8":4.2661065346,"9":5.1343394559,"10":5.9217656709},"medCu":{"0":3.5445059577,"1":4.1080461544,"2":3.4667832528,"3":4.872303684,"4":4.6104636657,"5":4.5668879901,"6":4.4073853251,"7":3.1306681622,"8":3.0207895358,"9":3.7534749184,"10":4.9517104069},"highCu":{"0":1.553936626,"1":2.0210009998,"2":1.4113591841,"3":2.3426809054,"4":1.8948317371,"5":2.0777807794,"6":1.8873789053,"7":1.1807158923,"8":0.5987284896,"9":1.0661271941,"10":1.8701617416},"LanzaTech":{"0":1.3683357161,"1":0.9218088397,"2":0.8575403746,"3":1.1097529722,"4":1.0969372634,"5":0.0743388747,"6":0.3608872759,"7":1.0902807128,"8":0.7382744773,"9":0.879162992,"10":0.9594886639},"lowCH4":{"0":0.8346079881,"1":0.8731092316,"2":0.837400455,"3":0.4348467832,"4":-0.2003806982,"5":0.4584299411,"6":0.5932020983,"7":0.6804942837,"8":-0.0252274214,"9":-0.1327893982,"10":-0.294895366},"lowO2_fast_growth":{"0":-0.5104391955,"1":-0.0493500143,"2":0.3960459913,"3":0.6426466095,"4":-0.390122248,"5":0.2583090713,"6":0.3214772161,"7":0.1734481563,"8":0.3606644218,"9":-0.279228353,"10":-0.4159539174},"aa3_KO":{"0":1.9468061786,"1":2.4149642282,"2":1.8741899341,"3":2.4146309983,"4":2.2565963994,"5":2.1411704047,"6":1.7899196062,"7":2.7028721272,"8":2.125985102,"9":2.5853539465,"10":3.3485287876},"NO3_lowO2_slow_growth":{"0":1.0396134741,"1":1.6845693177,"2":1.1563921369,"3":1.2258825301,"4":0.8877391123,"5":0.9805730563,"6":0.9518219598,"7":0.7886207471,"8":1.0028616092,"9":0.9122405759,"10":1.4268281135},"highO2_slow_growth":{"0":4.4495382603,"1":5.4158589308,"2":4.5617159014,"3":5.4211927719,"4":5.4387656247,"5":5.2192104405,"6":5.1898803102,"7":4.6188190599,"8":4.2783753859,"9":5.0007084754,"10":5.812477907},"lowO2_slow_growth":{"0":3.5229531579,"1":4.0119082961,"2":3.2996257718,"3":3.7610832663,"4":3.7308331817,"5":3.7438122373,"6":3.6695597541,"7":3.3947640055,"8":2.8292269626,"9":3.6002499727,"10":4.2507548317},"lowO2_fast_growth.1":{"0":-0.5104391955,"1":-0.0493500143,"2":0.3960459913,"3":0.6426466095,"4":-0.390122248,"5":0.2583090713,"6":0.3214772161,"7":0.1734481563,"8":0.3606644218,"9":-0.279228353,"10":-0.4159539174},"lowO2_low_iron_fast_growth":{"0":0.6830775566,"1":0.4545919141,"2":0.6938440206,"3":0.4776034149,"4":0.4746536527,"5":0.3464801303,"6":1.0482729271,"7":0.2938176546,"8":0.639915127,"9":0.008207793,"10":-0.1160544264},"WithLanthanum":{"0":3.9462892445,"1":4.1723180565,"2":3.6278565288,"3":4.3317984612,"4":4.0045395202,"5":3.5133666966,"6":4.1007777641,"7":3.81832611,"8":3.8260027894,"9":4.3351762793,"10":5.4351463288},"NoLanthanum":{"0":3.0647212016,"1":3.4044936537,"2":3.0180661048,"3":3.6244451499,"4":3.3613937265,"5":3.0255919282,"6":3.4163893787,"7":3.3676511829,"8":2.8907414187,"9":3.5003412418,"10":4.6526276725},"crotonic_acid":{"0":0.7252402998,"1":1.2922992249,"2":1.0249927838,"3":0.9823367539,"4":0.8446346031,"5":0.7831801805,"6":0.7783875016,"7":1.2184702417,"8":1.093231974,"9":1.025794028,"10":1.8755253709},"slow_growth":{"0":2.1712427036,"1":2.674212358,"2":2.1042644938,"3":2.3222224527,"4":2.2854287212,"5":2.2849365968,"6":2.0439794357,"7":2.8205731218,"8":1.7875469998,"9":2.6620478392,"10":3.1905547477},"unknown":{"0":4.6931009876,"1":5.0945131526,"2":4.4892210548,"3":5.7981829981,"4":5.7562217945,"5":5.5481157476,"6":5.4334495885,"7":4.5806848313,"8":4.0714661531,"9":4.734619385,"10":5.6051378965},"gene":{"0":null,"1":null,"2":null,"3":null,"4":null,"5":null,"6":null,"7":null,"8":"cheB","9":null,"10":null},"product":{"0":"hypothetical protein","1":"chemotaxis protein CheW","2":"methyl-accepting chemotaxis protein","3":"chemotaxis protein CheA","4":"STAS domain-containing protein","5":"response regulator","6":"hypothetical protein","7":"PAS domain S-box protein","8":"chemotaxis-specific protein-glutamate methyltransferase CheB","9":"chemotaxis protein CheW","10":"chemotaxis protein"},"start_coord":{"0":2336585,"1":2336917,"2":2337487,"3":2340582,"4":2342747,"5":2343082,"6":2343463,"7":2345682,"8":2368179,"9":2369285,"10":2370914},"end_coord":{"0":2336855,"1":2337478,"2":2340502,"3":2342751,"4":2343071,"5":2343451,"6":2344675,"7":2347200,"8":2369232,"9":2370884,"10":2372834},"length":{"0":271,"1":562,"2":3016,"3":2170,"4":325,"5":370,"6":1213,"7":1519,"8":1054,"9":1600,"10":1921},"translation":{"0":"MNNKRILKIVYERPNHFKSSDMRCRTTCGMLVISKLDNGEERMQLKLDTIPLDSDFTGWFNVISGDQELEGFDAEYEYPVLTSIRNQIM*","1":"MEKVADRNKKQAHDVDLEQNQYLTFMIAGDTFAMGILAIKEIIQYGQLTEIPRMPAFIRGVINLRGAVVPVIDLNARFNMPEARVSRRSCIIIVEIHTEEGEKQDIGVMVDAVNEVLEILPADIEPAPSFGANIRSDFIGGMGKIKGRFVIILNIDQVLSLFEIADITSVASMVRKSSETAERMAA*","2":"MFTTMKLGTRIGLGYFVALFCLLLSGVYGAMNLKSANQEMGTIYEDRVVPLKGLKAIADAYAINVIDAVNKTNAGLMSAEEALQSIRNASRQIGREWKAYTATRLTDEEERLAEQAGKLFEAANSDIQRLESLLERQSGLIEGQLREFDGPLYANIDPIGNKVAELIDLQLNVADEIYRMSADNYLLMLQLTAVIIVVSMIVSAWLGLAITRSVMNQLGGEPALVYDIGNKISGGDLSSKIDCKPGDTNSLLYGMGRIQQAIRLLVDDTSMLTRSAREGLLSTRADTERHSGDFREVIEGFNGCLDAVIGPLNVAADYVDRISKGDMPPKITDTYKGDFNTIKNNLNTCIEAIDTMVAEANNLEQAAIEGRLSTRADASRYQGDYRKVVEGVNNCLDAVIGPLNVAADYVDRISKGDMPPKITATYNGDFNVIKNNLNTCIEAINLMVAEANNLEQAAIQGMLSVRADASQYQGDYRKVVEGVNNCLDAVISPLNVAADYVDRISKGDMPPKITATYNGDFNVIKNNLNTCIEAINLMVAEASNLEQAAIQGMLSVRADASQYQGDYRKVVEGVNNCLDAVIGPLNVAADYVDKIAKGEVPPKITDSYNGDFNTIKNNLNTCIDAINRMVADAAMLAEAAIDGRLEARADASKHLGDYRKIVEGVNQTLDSVIGPVNDVMQSLAAMEKGNLTRTVDGEYKGKLKELRDMLNNTLTRLSQTVAEINMTTQELNNASEQVNATAQSLSQAASEQAASVEETSSSIEQMSASVNQNSENAKVTDGIATKAAKEAEEGGGAVKQTVTAMKSIAEKIGIIDDIAYQTNLLALNAAIEAARAGEHGKGFAVVAAEVRNLAERSQVAAQEIGELAGKSVDTAEKAGGLLDQMLPSIQKTSDLVQEIAAASEEQSAGVSQINTAISQLNQVAQQNASAAEELSSTSEELGAKSSQLGDLMSFFKITEQSAGNRLAAGGNLKLVHKVSSRTKKIVNEAQDEELADDEFEYARF*","3":"MNLDEALQTFIEESSDLLTQMEEALILSEQSEEISEIVNVLFRAAHTIKGSAGLFGFDHIVSFTHVVESLLDRVRTAELELTSDLIALLMYSRDHIADLLEDMTPEPGNVSDELREKGDRLVEQLKCHLGSDESMPTKPNEDTSVAPNRTNCDQRPVRSENWHISLRFAPDILKNGMEPFSFLRYLSTYGDIDHVCTVPDAIPSEEKMDPEISYLGYELSFKSRAERSAIDSTFDFIRDGSQIRLIPPHADISEYIELITILPESNERVAESIRKCGSLTQEECRTALSEIQRVSAADRTQVSRSDIEASPPAPKSNPSERNATTVAKNGENRFIRVDSVKLDRLIDLIGELIIAGASTSMVARKIGVAELRESTSILSRLVEEVRNTALNLRMVQIGTIFNRFQRVVRDVSQELGKDIELIVEGAETELDKTVVERIADPLMHLVRNAIDHGIEPFELRRDRGKPDKGTVRLGAYHESGSIVIEVEDDGGGLDRDVILAKAVEKGLVSEGQSMSDHEVFNLVFEAGFSTAKEVSNLSGRGVGMDVVRRNIVDLRGSVELSSRLGEGTSVKIRLPLTLAIIDGFLVGIGNATYVLPLDMVVECIELAAWNQEVGDDKRYLNLRGEVMPYLRLHEHFGISGKIGKQRNVVVLNYAGEKFGLVVEKLMGEFQTVIKPMGKMLEKVQGISGFTILGGGDVALVLDVPGLMRQIVLEHEREEDTVH*","4":"MNIRFDYDPENNRLSLDGEMTIYTAAELKGRLMQRLHESETLAIDLSRVGEIDSSGVQLLLLMFRDAATKNKCIRIVASSPAFDEVVFLCSLQEAFGMNGIEAEEEA*","5":"MSKTVMIVDDSASIRQVVSIALKGAGYQVIEACDGQDGLAKVSGQRVHLIISDVNMPKMDGISFVKELKKIPETKFIPVIMLTTESMQAKKQEGQAAGARAWVVKPFQPEQMIAAVSKLIMS*",