{"locus_tag":{"0":"EQU24_RS20545","1":"EQU24_RS20550","2":"EQU24_RS20555","3":"EQU24_RS20560","4":"EQU24_RS20565","5":"EQU24_RS20570","6":"EQU24_RS20575","7":"EQU24_RS20580","8":"EQU24_RS20585","9":"EQU24_RS20590"},"cluster_id":{"0":17,"1":17,"2":17,"3":17,"4":17,"5":17,"6":17,"7":17,"8":17,"9":17},"uMax":{"0":0.0786342631,"1":0.0838590941,"2":0.0710581774,"3":0.02593369,"4":-0.0022362783,"5":0.123322435,"6":-0.1092930417,"7":-0.7953782672,"8":-0.2690579888,"9":-0.0451583121},"MeOH":{"0":0.8841213891,"1":0.6153486769,"2":0.8199181407,"3":0.6011920182,"4":0.4092012706,"5":1.2876384338,"6":1.9500599173,"7":0.5897763816,"8":0.5481385042,"9":0.419229022},"NoCu":{"0":-0.5041925851,"1":-0.2823455776,"2":0.4632489008,"3":0.1769192252,"4":0.4387635496,"5":-0.4544232949,"6":-0.3620329558,"7":-0.2625752173,"8":-0.4313569765,"9":0.389814061},"lowCu":{"0":-0.7723483866,"1":-0.4167302009,"2":0.2223522957,"3":0.046356901,"4":-0.1654378737,"5":-0.4641153254,"6":-0.531754487,"7":-0.7615522578,"8":-0.998737114,"9":-0.0621307065},"medCu":{"0":-0.6075290475,"1":-0.5433164396,"2":0.2682666469,"3":-0.2732886359,"4":-0.45580855,"5":-0.4768518257,"6":-0.5466069793,"7":-1.0807981703,"8":-1.0053032896,"9":-0.372364246},"highCu":{"0":-0.5048636286,"1":0.1692629236,"2":0.6311147707,"3":0.2050894641,"4":-0.9016226601,"5":-0.4262565318,"6":-0.555034197,"7":-0.2775653606,"8":-0.5518188838,"9":0.4233867704},"LanzaTech":{"0":0.1854555403,"1":0.5761721157,"2":0.5439675786,"3":0.7549527759,"4":0.4583105457,"5":-0.1266398859,"6":-0.4118377083,"7":-0.1886288256,"8":-0.4687446452,"9":-0.2262361761},"lowCH4":{"0":-0.5072208268,"1":-0.5311552806,"2":-0.128314029,"3":-0.2752805104,"4":-0.5062836016,"5":-0.309957198,"6":-0.7021496572,"7":-1.7914222735,"8":-1.0489746038,"9":-0.1066121812},"lowO2_fast_growth":{"0":1.730699539,"1":1.9744294694,"2":2.5255878683,"3":2.109301725,"4":1.6247990118,"5":0.5695315053,"6":3.9383861208,"7":0.2989937532,"8":0.4526684956,"9":0.30945688},"aa3_KO":{"0":-0.774530293,"1":-0.2461048114,"2":0.8271242651,"3":0.4908074813,"4":0.3611582161,"5":-1.0407594893,"6":-0.4147414316,"7":-0.2559534452,"8":-0.6500505247,"9":-0.4768234588},"NO3_lowO2_slow_growth":{"0":-0.3943932475,"1":-0.1159434801,"2":0.4699679864,"3":0.3376959075,"4":0.2624897478,"5":-0.8511781746,"6":-0.4253347393,"7":-0.2645567648,"8":-0.5297630257,"9":-0.7776898332},"highO2_slow_growth":{"0":-0.5452686779,"1":-0.4158371537,"2":0.6262066855,"3":0.2835859405,"4":-0.1442572232,"5":-0.9755169884,"6":-0.1002103973,"7":-1.1659445475,"8":-0.8845989797,"9":-0.1922560618},"lowO2_slow_growth":{"0":3.3238529132,"1":4.3801126485,"2":5.4954341988,"3":5.2118685073,"4":5.051118813,"5":3.7785228677,"6":5.5320154444,"7":5.4655661924,"8":5.161671149,"9":5.6926643542},"lowO2_fast_growth.1":{"0":1.730699539,"1":1.9744294694,"2":2.5255878683,"3":2.109301725,"4":1.6247990118,"5":0.5695315053,"6":3.9383861208,"7":0.2989937532,"8":0.4526684956,"9":0.30945688},"lowO2_low_iron_fast_growth":{"0":5.7320009759,"1":7.0364327378,"2":8.2421266788,"3":8.0589905207,"4":7.9048276702,"5":6.1128588231,"6":8.4142916569,"7":8.6460197836,"8":8.2290042351,"9":8.179954927},"WithLanthanum":{"0":-0.2926291008,"1":0.1330025768,"2":1.0364345454,"3":0.6703100479,"4":0.8798808921,"5":-0.3227271692,"6":0.0285386272,"7":-0.0693044797,"8":0.0186210554,"9":0.1892936192},"NoLanthanum":{"0":-0.4451171415,"1":-0.1165225898,"2":0.8202488948,"3":0.5787574009,"4":0.6382247982,"5":-0.3196187952,"6":-0.278885906,"7":-0.4120784227,"8":-0.3461990849,"9":-0.0867175358},"crotonic_acid":{"0":-0.3203693731,"1":-0.0389459758,"2":0.5932895552,"3":0.8340579805,"4":1.0171033478,"5":-0.1267164054,"6":0.931476747,"7":2.0533286663,"8":1.9522194101,"9":1.6795495922},"slow_growth":{"0":-0.5569078384,"1":0.01572062,"2":1.4102061753,"3":1.1142165251,"4":1.0113740736,"5":-1.1061776318,"6":0.1283367239,"7":-0.142467611,"8":0.0097099455,"9":0.9076605353},"unknown":{"0":6.3641956904,"1":6.7338967069,"2":4.758776159,"3":7.3485541653,"4":7.3133344392,"5":5.1872314683,"6":7.0224808978,"7":4.7069351445,"8":7.1289920048,"9":3.338856494}}