{"locus_tag":{"0":"EQU24_RS19155","1":"EQU24_RS19160","2":"EQU24_RS20545","3":"EQU24_RS20550","4":"EQU24_RS20555","5":"EQU24_RS20560","6":"EQU24_RS20565","7":"EQU24_RS20570","8":"EQU24_RS20575","9":"EQU24_RS20580","10":"EQU24_RS20585","11":"EQU24_RS20590"},"cluster_id":{"0":11,"1":11,"2":11,"3":11,"4":11,"5":11,"6":11,"7":11,"8":11,"9":11,"10":11,"11":11},"LanzaTech":{"0":-0.2423374966,"1":0.2843651488,"2":0.1854555403,"3":0.5761721157,"4":0.5439675786,"5":0.7549527759,"6":0.4583105457,"7":-0.1266398859,"8":-0.4118377083,"9":-0.1886288256,"10":-0.4687446452,"11":-0.2262361761},"MeOH":{"0":-0.3172999416,"1":-0.6276691899,"2":0.8841213891,"3":0.6153486769,"4":0.8199181407,"5":0.6011920182,"6":0.4092012706,"7":1.2876384338,"8":1.9500599173,"9":0.5897763816,"10":0.5481385042,"11":0.419229022},"NO3_lowO2_slow_growth":{"0":-0.4992607591,"1":-0.1931630292,"2":-0.3943932475,"3":-0.1159434801,"4":0.4699679864,"5":0.3376959075,"6":0.2624897478,"7":-0.8511781746,"8":-0.4253347393,"9":-0.2645567648,"10":-0.5297630257,"11":-0.7776898332},"NoCu":{"0":-0.9688880177,"1":-0.5526470784,"2":-0.5041925851,"3":-0.2823455776,"4":0.4632489008,"5":0.1769192252,"6":0.4387635496,"7":-0.4544232949,"8":-0.3620329558,"9":-0.2625752173,"10":-0.4313569765,"11":0.389814061},"NoLanthanum":{"0":-1.1678888312,"1":-1.4413019945,"2":-0.4451171415,"3":-0.1165225898,"4":0.8202488948,"5":0.5787574009,"6":0.6382247982,"7":-0.3196187952,"8":-0.278885906,"9":-0.4120784227,"10":-0.3461990849,"11":-0.0867175358},"WT_control":{"0":-0.6326077591,"1":-0.3718908928,"2":-0.7741236451,"3":-0.4373819597,"4":0.6997143342,"5":0.3838858851,"6":0.3077989987,"7":-1.3945885837,"8":-0.6151310379,"9":-0.7924693043,"10":-0.5791959627,"11":-0.3704035338},"WithLanthanum":{"0":-0.7115798406,"1":-1.1862283972,"2":-0.2926291008,"3":0.1330025768,"4":1.0364345454,"5":0.6703100479,"6":0.8798808921,"7":-0.3227271692,"8":0.0285386272,"9":-0.0693044797,"10":0.0186210554,"11":0.1892936192},"aa3_KO":{"0":-0.7440756594,"1":-0.1579910892,"2":-0.774530293,"3":-0.2461048114,"4":0.8271242651,"5":0.4908074813,"6":0.3611582161,"7":-1.0407594893,"8":-0.4147414316,"9":-0.2559534452,"10":-0.6500505247,"11":-0.4768234588},"crotonic_acid":{"0":1.4599746139,"1":1.7627654503,"2":-0.3203693731,"3":-0.0389459758,"4":0.5932895552,"5":0.8340579805,"6":1.0171033478,"7":-0.1267164054,"8":0.931476747,"9":2.0533286663,"10":1.9522194101,"11":1.6795495922},"highCu":{"0":-0.802584341,"1":0.0031796316,"2":-0.5048636286,"3":0.1692629236,"4":0.6311147707,"5":0.2050894641,"6":-0.9016226601,"7":-0.4262565318,"8":-0.555034197,"9":-0.2775653606,"10":-0.5518188838,"11":0.4233867704},"highO2_slow_growth":{"0":-0.1872015863,"1":-0.2262175961,"2":-0.5452686779,"3":-0.4158371537,"4":0.6262066855,"5":0.2835859405,"6":-0.1442572232,"7":-0.9755169884,"8":-0.1002103973,"9":-1.1659445475,"10":-0.8845989797,"11":-0.1922560618},"lowCH4":{"0":-0.7562184955,"1":-0.2758470743,"2":-0.5072208268,"3":-0.5311552806,"4":-0.128314029,"5":-0.2752805104,"6":-0.5062836016,"7":-0.309957198,"8":-0.7021496572,"9":-1.7914222735,"10":-1.0489746038,"11":-0.1066121812},"lowCu":{"0":-1.1439086492,"1":-0.5334370441,"2":-0.7723483866,"3":-0.4167302009,"4":0.2223522957,"5":0.046356901,"6":-0.1654378737,"7":-0.4641153254,"8":-0.531754487,"9":-0.7615522578,"10":-0.998737114,"11":-0.0621307065},"lowO2_fast_growth":{"0":-0.4573288788,"1":0.1790038081,"2":1.730699539,"3":1.9744294694,"4":2.5255878683,"5":2.109301725,"6":1.6247990118,"7":0.5695315053,"8":3.9383861208,"9":0.2989937532,"10":0.4526684956,"11":0.30945688},"lowO2_low_iron_fast_growth":{"0":5.5365991171,"1":5.9541250928,"2":5.7320009759,"3":7.0364327378,"4":8.2421266788,"5":8.0589905207,"6":7.9048276702,"7":6.1128588231,"8":8.4142916569,"9":8.6460197836,"10":8.2290042351,"11":8.179954927},"lowO2_slow_growth":{"0":3.8953300164,"1":3.9255490711,"2":3.3238529132,"3":4.3801126485,"4":5.4954341988,"5":5.2118685073,"6":5.051118813,"7":3.7785228677,"8":5.5320154444,"9":5.4655661924,"10":5.161671149,"11":5.6926643542},"medCu":{"0":-0.5828778928,"1":-0.1084230345,"2":-0.6075290475,"3":-0.5433164396,"4":0.2682666469,"5":-0.2732886359,"6":-0.45580855,"7":-0.4768518257,"8":-0.5466069793,"9":-1.0807981703,"10":-1.0053032896,"11":-0.372364246},"slow_growth":{"0":0.0066741506,"1":0.4867363104,"2":-0.5569078384,"3":0.01572062,"4":1.4102061753,"5":1.1142165251,"6":1.0113740736,"7":-1.1061776318,"8":0.1283367239,"9":-0.142467611,"10":0.0097099455,"11":0.9076605353},"uMax":{"0":0.0067812188,"1":0.1818255927,"2":0.0786342631,"3":0.0838590941,"4":0.0710581774,"5":0.02593369,"6":-0.0022362783,"7":0.123322435,"8":-0.1092930417,"9":-0.7953782672,"10":-0.2690579888,"11":-0.0451583121},"unknown":{"0":1.7141866771,"1":2.0836769796,"2":6.3641956904,"3":6.7338967069,"4":4.758776159,"5":7.3485541653,"6":7.3133344392,"7":5.1872314683,"8":7.0224808978,"9":4.7069351445,"10":7.1289920048,"11":3.338856494}}