{"locus_tag":{"0":"EQU24_RS00670","1":"EQU24_RS00940","2":"EQU24_RS01900","3":"EQU24_RS05885","4":"EQU24_RS05890","5":"EQU24_RS05895","6":"EQU24_RS05900","7":"EQU24_RS05905","8":"EQU24_RS05910","9":"EQU24_RS05915","10":"EQU24_RS05920","11":"EQU24_RS05925","12":"EQU24_RS07675","13":"EQU24_RS07680","14":"EQU24_RS15800","15":"EQU24_RS19450","16":"EQU24_RS19455","17":"EQU24_RS19460","18":"EQU24_RS19465","19":"EQU24_RS19470","20":"EQU24_RS19475","21":"EQU24_RS19480","22":"EQU24_RS19485","23":"EQU24_RS19490","24":"EQU24_RS19495","25":"EQU24_RS19500","26":"EQU24_RS19505","27":"EQU24_RS19510","28":"EQU24_RS19515","29":"EQU24_RS19520","30":"EQU24_RS21000","31":"EQU24_RS21005"},"cluster_id":{"0":5,"1":5,"2":5,"3":5,"4":5,"5":5,"6":5,"7":5,"8":5,"9":5,"10":5,"11":5,"12":5,"13":5,"14":5,"15":5,"16":5,"17":5,"18":5,"19":5,"20":5,"21":5,"22":5,"23":5,"24":5,"25":5,"26":5,"27":5,"28":5,"29":5,"30":5,"31":5},"LanzaTech":{"0":-0.4050123734,"1":-1.88224142,"2":-1.3589010407,"3":0.8430782062,"4":0.7752933769,"5":1.4099840252,"6":1.1975479419,"7":0.4570932526,"8":0.6858860202,"9":0.7390225971,"10":-0.551031514,"11":0.6208054679,"12":0.9908820764,"13":0.7883246268,"14":-0.054572576,"15":0.6385312981,"16":0.6916331839,"17":0.1305966906,"18":-0.2452660381,"19":0.0672545115,"20":0.429355634,"21":-0.2029895663,"22":-0.4798767437,"23":-0.3603970243,"24":-0.7579003664,"25":-0.9905686836,"26":-1.6142921352,"27":-0.6291320195,"28":-0.6818184793,"29":-0.631949068,"30":-0.1449455086,"31":0.5378013249},"MeOH":{"0":0.8040166125,"1":4.4265668897,"2":2.9179078589,"3":-1.3960035362,"4":-0.6330825802,"5":-1.1246487745,"6":-0.6457403179,"7":-0.855785508,"8":-0.2093386229,"9":0.3227356127,"10":0.5873400908,"11":0.8110085036,"12":2.3337033148,"13":2.2337941422,"14":1.6522807539,"15":1.7063387563,"16":2.0016469445,"17":2.2450138956,"18":2.3384180141,"19":2.8816901043,"20":3.3599516536,"21":3.5084651464,"22":4.0357560465,"23":3.4434977585,"24":3.5534291948,"25":3.0354536372,"26":3.3941922192,"27":3.9491159403,"28":3.8967802478,"29":6.7227200062,"30":2.9043285843,"31":1.8446075971},"NO3_lowO2_slow_growth":{"0":0.3885235364,"1":3.8758212719,"2":1.0289477472,"3":0.8946432905,"4":0.7882622039,"5":0.6762682245,"6":0.659791733,"7":0.5043342261,"8":0.1603895329,"9":0.3456413314,"10":-0.3053530409,"11":-0.0659515211,"12":3.4689001005,"13":3.5876035802,"14":1.2919808669,"15":1.8190250085,"16":2.0126579364,"17":1.7215612585,"18":1.9293837656,"19":1.9618901951,"20":2.4978363614,"21":2.2190975675,"22":2.6812799037,"23":2.7069618454,"24":2.8557471701,"25":3.1484110068,"26":3.3996166038,"27":3.7826835805,"28":3.6526786058,"29":6.4524725064,"30":2.2493481096,"31":2.254586048},"NoCu":{"0":5.4559385991,"1":5.1573751601,"2":4.0815806925,"3":10.7241682484,"4":10.0228259265,"5":10.2533589145,"6":9.7851820105,"7":8.7875115059,"8":8.3698024872,"9":8.032296833,"10":7.7654150658,"11":7.7490516162,"12":3.8042405166,"13":4.2864975012,"14":4.1570172649,"15":3.3029863632,"16":4.0475615363,"17":3.692446542,"18":4.3772038263,"19":4.3975562343,"20":4.8363531985,"21":5.0107598934,"22":5.1215427294,"23":4.9247743289,"24":5.301114508,"25":5.7707375291,"26":5.5791274741,"27":6.3659642453,"28":7.6330852758,"29":9.4283964124,"30":6.6862255555,"31":6.3136033735},"NoLanthanum":{"0":-0.2346101482,"1":-0.7212175115,"2":-0.12844607,"3":0.1920217111,"4":0.3645532995,"5":0.3210840204,"6":0.8281404975,"7":0.3153019994,"8":0.0033465231,"9":0.8872546161,"10":0.2755112539,"11":0.1178434257,"12":-0.8752450015,"13":-1.1123208195,"14":0.3070270838,"15":-0.0387681836,"16":-0.0036019361,"17":0.3759525129,"18":-0.2887424251,"19":-0.3617951715,"20":-0.8500659003,"21":-0.9720534697,"22":-0.6678776196,"23":-1.257610238,"24":-1.2655413475,"25":-1.9964620335,"26":-1.4213861218,"27":-1.6212520487,"28":-1.7498217183,"29":-1.9834835064,"30":0.0200430765,"31":0.0719318583},"WT_control":{"0":0.4453227464,"1":0.1665491452,"2":-0.826122102,"3":0.6113716139,"4":0.6557389367,"5":0.773354489,"6":0.841230296,"7":0.3154976489,"8":0.2165992466,"9":0.5182730991,"10":-0.3786808189,"11":-0.1425205349,"12":0.576943937,"13":0.429970392,"14":-0.4603212258,"15":0.3540118485,"16":-0.2458462409,"17":-0.1816757282,"18":-0.3540660234,"19":-0.6086936749,"20":-0.6574429702,"21":-1.0116775554,"22":-0.9118150816,"23":-0.9047023616,"24":-1.2080690783,"25":-1.1940757982,"26":-1.201548981,"27":-1.8385237723,"28":-1.5524374263,"29":-1.9045463318,"30":-0.4812301791,"31":0.0543327717},"WithLanthanum":{"0":-0.1894281639,"1":-0.7745207596,"2":-0.0426900307,"3":0.4379712031,"4":0.5303214599,"5":0.670408953,"6":0.9271035096,"7":0.6826440309,"8":0.1761689737,"9":1.1274964464,"10":0.4405397365,"11":0.2420622377,"12":-0.9591072697,"13":-1.4111586371,"14":0.1293286494,"15":-0.1425296156,"16":-0.0106453308,"17":0.3722278526,"18":0.0014732258,"19":-0.1928163211,"20":-0.7431067208,"21":-0.8391175761,"22":-0.3655761601,"23":-0.9367922671,"24":-1.1248393038,"25":-1.6603625279,"26":-1.4237898288,"27":-1.6864040697,"28":-2.0157548251,"29":-1.7529550686,"30":0.0842352076,"31":0.0916995976},"aa3_KO":{"0":0.8815311488,"1":0.9115552571,"2":-0.7631417421,"3":1.4625306672,"4":1.17218045,"5":1.2153172984,"6":1.2483113743,"7":0.4670332359,"8":0.3286093756,"9":0.5105569555,"10":-0.8087168037,"11":-0.1255756748,"12":0.2437035792,"13":0.3551122008,"14":-0.5680183604,"15":0.1812813801,"16":-0.0365369572,"17":-0.202434543,"18":-0.5458852612,"19":-0.5394951682,"20":-0.5944802098,"21":-0.7266513727,"22":-0.8301747777,"23":-0.9377505892,"24":-0.8582988682,"25":-0.5612410134,"26":-0.7773012588,"27":-1.1664771719,"28":-0.6721606066,"29":-0.6122803237,"30":-0.4730201067,"31":0.0614510331},"crotonic_acid":{"0":1.627939579,"1":0.4587048657,"2":-0.2715556523,"3":-0.2279772108,"4":-0.3323992161,"5":-0.2356055283,"6":-0.101063828,"7":-0.1798147696,"8":-0.1462377377,"9":0.7358425256,"10":-0.2054029655,"11":-0.0951068702,"12":1.1675952247,"13":0.8040481264,"14":0.277978727,"15":0.3800006114,"16":0.0775441197,"17":0.1216196021,"18":-0.1887085829,"19":-0.4217479014,"20":-0.2128424932,"21":-0.4975578644,"22":-0.3014159673,"23":-0.2812131413,"24":-0.4846627905,"25":-0.5177217698,"26":-0.7553387245,"27":-1.1148709652,"28":-1.4963856798,"29":-1.1971157899,"30":0.0309783118,"31":-0.1697810548},"highCu":{"0":0.0435581727,"1":3.7231009474,"2":0.8972421829,"3":2.0548351699,"4":1.6296064567,"5":2.0593933494,"6":1.7730959547,"7":1.2207996673,"8":0.9706566648,"9":0.6030561213,"10":0.1017485784,"11":0.4553298936,"12":3.5456376425,"13":4.4876375371,"14":0.1390847601,"15":0.107970563,"16":1.2344944715,"17":0.6058515711,"18":1.3523079736,"19":1.3878415227,"20":1.9731183003,"21":2.4187567835,"22":1.8630256758,"23":1.8781312244,"24":2.2234946501,"25":2.813402953,"26":2.3275823242,"27":3.3601018195,"28":5.4060786311,"29":5.4271085765,"30":0.9909343566,"31":0.945994608},"highO2_slow_growth":{"0":1.0297334551,"1":-1.4410880551,"2":-0.6195312865,"3":1.349870788,"4":1.7014216077,"5":1.3554171283,"6":1.4226416682,"7":1.7590683213,"8":1.1786230275,"9":1.6256090171,"10":0.6212006041,"11":0.6272589577,"12":0.2196740343,"13":-0.630715748,"14":-0.1054862775,"15":0.3854749777,"16":0.3062926613,"17":0.5254173107,"18":0.3145365404,"19":-0.4608447767,"20":-0.5404930817,"21":-0.5525315599,"22":-0.6131773684,"23":-0.6909663531,"24":-0.9492467387,"25":-1.0835418131,"26":-0.7568968385,"27":-0.5254983074,"28":0.0405464496,"29":-0.708357438,"30":0.2792199163,"31":0.3623023903},"lowCH4":{"0":-0.4009304364,"1":-0.7194533127,"2":-1.0158962968,"3":-0.4287470717,"4":-0.0974208392,"5":-0.3791330646,"6":-0.0001009473,"7":-0.0844986796,"8":0.0274266936,"9":0.0550843018,"10":-0.1573049921,"11":-0.0245503092,"12":-0.4834857182,"13":-0.0623805283,"14":-0.0355178462,"15":-0.2551418602,"16":-0.4091415693,"17":-0.3446573637,"18":-0.7577860388,"19":-0.9540184039,"20":-1.0636202604,"21":-1.4436897678,"22":-1.2788733094,"23":-1.5378592038,"24":-1.986992627,"25":-2.1420669691,"26":-1.8169903807,"27":-1.7620741663,"28":-1.2683628318,"29":-1.8991696273,"30":-0.1801804154,