{"locus_tag":{"0":"EQU24_RS00675","1":"EQU24_RS00680","2":"EQU24_RS00685","3":"EQU24_RS00690","4":"EQU24_RS10725","5":"EQU24_RS10730","6":"EQU24_RS10735","7":"EQU24_RS10740","8":"EQU24_RS10745","9":"EQU24_RS18605","10":"EQU24_RS21950","11":"EQU24_RS21955","12":"EQU24_RS21960"},"cluster_id":{"0":12,"1":12,"2":12,"3":12,"4":12,"5":12,"6":12,"7":12,"8":12,"9":12,"10":12,"11":12,"12":12},"uMax":{"0":0.1619798773,"1":0.2016978156,"2":0.1998380998,"3":0.2022533412,"4":-0.1477086753,"5":-0.0504563377,"6":-0.0886314277,"7":0.0648180637,"8":0.2144887456,"9":0.2279286128,"10":0.1528019721,"11":0.1184701579,"12":0.1596653835},"MeOH":{"0":0.735814928,"1":0.4982294919,"2":1.461751724,"3":2.4453181681,"4":1.2082679745,"5":2.8478907036,"6":2.1759472992,"7":2.2788187282,"8":2.0177393106,"9":-0.4364343865,"10":1.2385874075,"11":0.8121961244,"12":0.6468614567},"NoCu":{"0":3.0240095488,"1":0.2305740137,"2":1.3027004055,"3":1.3074362982,"4":1.4925286467,"5":1.6958546615,"6":1.9420596537,"7":1.3359129461,"8":0.8339246679,"9":0.0258811077,"10":0.3403463196,"11":0.7120115255,"12":0.5870086479},"lowCu":{"0":2.490592474,"1":1.0606155939,"2":1.8149299832,"3":1.4839997771,"4":2.3312599152,"5":2.4785639796,"6":2.4563791097,"7":1.7915010926,"8":1.0064222708,"9":0.1410529151,"10":0.331259141,"11":0.7067076599,"12":0.7117842854},"medCu":{"0":1.1106279406,"1":1.4870751873,"2":1.9548105356,"3":1.6037501904,"4":2.5768196262,"5":2.6623573922,"6":2.7345820474,"7":1.9772880144,"8":0.9615162496,"9":0.2328514502,"10":0.2766414271,"11":0.7013661998,"12":0.7613635118},"highCu":{"0":0.0392947779,"1":1.0703337869,"2":0.9395529199,"3":1.0332027625,"4":0.9686907356,"5":0.0365841518,"6":0.9041004733,"7":0.3282944783,"8":0.2122981437,"9":0.2658371819,"10":0.5746145476,"11":1.0572875237,"12":1.0068319035},"LanzaTech":{"0":0.2801033178,"1":2.044979608,"2":1.6424091749,"3":0.5238031293,"4":0.9852696134,"5":0.732608336,"6":1.1016559645,"7":0.0298727631,"8":-1.0417182951,"9":0.8302378514,"10":2.7289394129,"11":2.0094653138,"12":1.9239685667},"lowCH4":{"0":-0.3574440978,"1":0.6144335912,"2":0.5011663464,"3":0.6646536076,"4":0.0679806508,"5":0.5062814853,"6":0.0171507642,"7":0.7205417799,"8":0.2747985519,"9":0.1103506482,"10":1.1333042672,"11":1.2953011724,"12":1.1725388802},"lowO2_fast_growth":{"0":-0.4579060411,"1":-0.5300357821,"2":-0.8330647801,"3":-0.6069167747,"4":-0.8111045532,"5":-0.3914406987,"6":-0.5435440898,"7":-0.3254823079,"8":0.0726914872,"9":-0.053746126,"10":-0.3363015008,"11":0.0664956037,"12":0.0179000647},"aa3_KO":{"0":-0.0212026013,"1":0.5141575761,"2":0.1647576628,"3":-0.2041367401,"4":-0.3083071109,"5":-0.7419966248,"6":-0.5653417335,"7":-0.9777545671,"8":-0.863587133,"9":0.5771267475,"10":0.3892319939,"11":0.6643261221,"12":0.5880925017},"NO3_lowO2_slow_growth":{"0":0.0366558571,"1":0.5105395599,"2":-0.0431094519,"3":-0.155314819,"4":0.082461153,"5":-0.274544367,"6":0.0641622581,"7":-0.4617337956,"8":-0.5323409366,"9":0.3834255761,"10":0.0935730741,"11":0.5099038725,"12":0.443882503},"highO2_slow_growth":{"0":0.3907137151,"1":0.1471955684,"2":0.5784434929,"3":0.2324044873,"4":0.8083705742,"5":0.2307097977,"6":0.4538671561,"7":0.4334137584,"8":-0.1390336252,"9":-0.3727063702,"10":1.4815176507,"11":1.3511968297,"12":1.4730255064},"lowO2_slow_growth":{"0":1.230705487,"1":-0.007311262,"2":0.5717419997,"3":0.8581944569,"4":0.3349876142,"5":0.0822075506,"6":0.323546473,"7":0.1875733328,"8":0.2841036048,"9":0.1744021719,"10":1.0885182826,"11":0.8991347034,"12":0.6532889343},"lowO2_fast_growth.1":{"0":-0.4579060411,"1":-0.5300357821,"2":-0.8330647801,"3":-0.6069167747,"4":-0.8111045532,"5":-0.3914406987,"6":-0.5435440898,"7":-0.3254823079,"8":0.0726914872,"9":-0.053746126,"10":-0.3363015008,"11":0.0664956037,"12":0.0179000647},"lowO2_low_iron_fast_growth":{"0":-0.2440697093,"1":-0.1498941965,"2":-0.0245653253,"3":0.0748961528,"4":-0.0198906896,"5":0.209255221,"6":-0.5175021841,"7":0.7843184624,"8":-0.2621841199,"9":0.2219078352,"10":-0.1787324219,"11":-0.0371803224,"12":-0.1206341775},"WithLanthanum":{"0":-0.1224157842,"1":0.2426557082,"2":-0.24945457,"3":-0.1923888716,"4":0.1316025159,"5":-1.0996066071,"6":-0.5003925978,"7":-0.605563982,"8":-0.3850164872,"9":2.5248631136,"10":1.4579920368,"11":1.8588733053,"12":1.6552864811},"NoLanthanum":{"0":-0.1782051119,"1":0.2652888484,"2":-0.2738362585,"3":-0.2112015413,"4":-0.1555242922,"5":-1.0409030157,"6":-0.3663581286,"7":-0.4956922738,"8":-0.4095784879,"9":0.4530484374,"10":1.0255776543,"11":1.4682466316,"12":1.2984669674},"crotonic_acid":{"0":2.5513001157,"1":4.3405915594,"2":3.6773040746,"3":2.9784426626,"4":4.320369328,"5":4.5964123112,"6":5.0296409611,"7":4.376969329,"8":2.5299321006,"9":4.309211202,"10":4.5290697232,"11":4.4637247239,"12":3.7137121035},"slow_growth":{"0":0.1348471219,"1":1.1486404733,"2":0.6744726951,"3":0.384785052,"4":0.2663498487,"5":-0.4538029621,"6":0.2965284747,"7":-1.0101541376,"8":-0.636324435,"9":0.6823357026,"10":0.4784863092,"11":1.0934492396,"12":0.7019104377},"unknown":{"0":-0.47261583,"1":-0.1015178746,"2":-0.4398274088,"3":-0.3975521818,"4":-0.2881806015,"5":-0.9662156183,"6":0.2554924856,"7":-0.5528165245,"8":-0.6751714812,"9":0.7674254736,"10":0.0257177481,"11":0.5257962936,"12":0.8384549009},"gene":{"0":null,"1":null,"2":null,"3":null,"4":null,"5":null,"6":null,"7":null,"8":null,"9":null,"10":null,"11":"hflK","12":"hflC"},"product":{"0":"c-type cytochrome","1":"selenium-binding protein","2":"DUF4242 domain-containing protein","3":"TetR family transcriptional regulator","4":"NAD(P)\/FAD-dependent oxidoreductase","5":"hypothetical protein","6":"DUF4242 domain-containing protein","7":"sulfurtransferase","8":"TetR family transcriptional regulator","9":"PQQ-dependent dehydrogenase, methanol\/ethanol family","10":"sigma-70 family RNA polymerase sigma factor","11":"FtsH protease activity modulator HflK","12":"protease modulator HflC"},"start_coord":{"0":140348,"1":142316,"2":143798,"3":144127,"4":2382953,"5":2384250,"6":2384435,"7":2384845,"8":2385334,"9":4154662,"10":4951896,"11":4953432,"12":4954589},"end_coord":{"0":142232,"1":143699,"2":144074,"3":144724,"4":2384153,"5":2384430,"6":2384720,"7":2385241,"8":2385937,"9":4156516,"10":4953342,"11":4954593,"12":4955456},"length":{"0":1885,"1":1384,"2":277,"3":598,"4":1201,"5":181,"6":286,"7":397,"8":604,"9":1855,"10":1447,"11":1162,"12":868},"translation":{"0":"MKHLFTIVILLSSVAVFSVKADNETLAPGYGALQYELPAVGSYLLPALGKAADGKILDEQGQTINLHQLMGDKIVLLSFIYSTCSDVNGCPLATGVFHKIKNRLKKDPELSRQLRLLTLSFNPEQDTPDKMKQYGEHLQDENIEWRFLTTASETELRPILDNYRQSIQKVYDENGRFTGTFSHILRVYLIDRNKKIRNIYSVSFLHTDTLINDVKTLLQPVVVANGKTSEQVAKRFRPGDDKSNYESSDYATRSIALDDRTGQTTDLMKTVYHPPKGLPPVPVPANNPVTTEKVQLGRKLFYDRRLSLNNTFSCAMCHIPEQGFTSNEMKTAVGVEGRTVKRNSPTLYNVAYYTKLFHDGRENSLEHQVWGPLLAHNEMANPSIGSVIEKLHNDSEYNALFKKAFGKGPTIETIGMAIASYERTLNSGNSAFDRWYYSNDKQALNTSAQRGFKLFSGKAQCSSCHSISKKHALFTDNAFHNTGIGYREAMRSTAKTQRVQVAPGVFVDIDSQLIDSVSETKSNDLGRYEVTQNPDDRWHYKTPSLRNISLTAPYMHNGSLTTLKEVVEFYNQGGIANETLDPLIKPLNLTSKEIDDLVNFLKSLTGDNVDELVADAFAAPVGDHQEN*","1":"MKSQSKNRNLLGKLTQSALFAASTIMISSLGIQSAQADETCMSPYMAKIVGQEDFVYIWTLGMEGVGDEQDKLVTVDVNPKSKNYGKVVNSLSVGGRNEAHHSGFTDDRQYLWAGGLDTNKVFIFDVHSDPAKPKLTKVISDFVAKSGGVVGPHTTYALPGRMLITGLSNNKDHGGRTALVEYTNEGEYLATHWHPTDSDLRGAVKTGNYADGYGYDVRVLPRRNAMFTSSFTGWSNYMMDFGKMLNDPEAMKRFGNTVVQWDLHARKPKKVFDVTGAPLELRCAWGANNNYCFTSTALTSKIWLIYEDQAGEWQAKAVADIGDPSKIPLPVDISISSDDKTLWVNTFMDGKTRGFDISDPFNPKQVYEQKIGAQVNMVSSSWDGKRLYYTSSLLANWDKKGDDNEQFFKLYHWDGKQLKEQFAIDFIKEKLGRAHQMRFGAYSLYSSNSQQPDLLTKYQ*","2":"MPKFIIEREIPNAGSLTSEDLQGIAQKSCSILQDMGPKIQWIESYVTDNKVYCVYIAPDETAIREHAQQGSFPANRISQIKTIIDPTTAEA*","3":"MIEISQKQINRDNLLNQGVKLLMEQGYHGTGLKEILDAVKIPKGSFYNYFGSKENFGAEVIQHYIEPFIKQLDTYLEHSNGDALSALKRYYHELIAETEKQNFKGGCLLGNLMGEIGDTSEICQKALQSAVTRYRNIMRSALAQAQQEGTVRSDLTAEEMADLLLNTWQGALLRMKIEQSSEPLKQCCRNLLEGYFKA*",