{"locus_tag":{"0":"EQU24_RS02085","1":"EQU24_RS02325","2":"EQU24_RS10515","3":"EQU24_RS10520","4":"EQU24_RS10525","5":"EQU24_RS10530","6":"EQU24_RS10535","7":"EQU24_RS10540","8":"EQU24_RS10545","9":"EQU24_RS10550","10":"EQU24_RS10565","11":"EQU24_RS10580","12":"EQU24_RS10620","13":"EQU24_RS10625","14":"EQU24_RS10630","15":"EQU24_RS10635","16":"EQU24_RS10640","17":"EQU24_RS10645","18":"EQU24_RS10650","19":"EQU24_RS10655","20":"EQU24_RS10660","21":"EQU24_RS10665","22":"EQU24_RS16415","23":"EQU24_RS16420"},"cluster_id":{"0":6,"1":6,"2":6,"3":6,"4":6,"5":6,"6":6,"7":6,"8":6,"9":6,"10":6,"11":6,"12":6,"13":6,"14":6,"15":6,"16":6,"17":6,"18":6,"19":6,"20":6,"21":6,"22":6,"23":6},"LanzaTech":{"0":2.4680507905,"1":-0.2437767446,"2":1.3683357161,"3":0.9218088397,"4":0.8575403746,"5":1.1097529722,"6":1.0969372634,"7":0.0743388747,"8":0.3608872759,"9":1.0902807128,"10":0.3979107178,"11":-0.222840695,"12":0.1419115863,"13":1.0173724964,"14":0.8880153871,"15":0.6762990808,"16":0.1308881285,"17":0.1139159461,"18":0.3014723873,"19":0.7382744773,"20":0.879162992,"21":0.9594886639,"22":2.7979996292,"23":1.4435761496},"MeOH":{"0":0.5730322128,"1":1.9697048573,"2":-0.261900365,"3":-0.0359200132,"4":1.1376004338,"5":0.5153929221,"6":-0.252720595,"7":-0.09573457,"8":0.4735920207,"9":1.3958755802,"10":0.6963574693,"11":0.9991425325,"12":-0.0024740438,"13":0.0583160907,"14":-0.544842003,"15":0.5108554119,"16":0.7087380547,"17":1.0369096534,"18":0.8069333777,"19":-0.1788880626,"20":-0.1924071115,"21":-0.3854197238,"22":1.3764750362,"23":1.1746131233},"NO3_lowO2_slow_growth":{"0":3.1184644779,"1":1.4721767725,"2":1.0396134741,"3":1.6845693177,"4":1.1563921369,"5":1.2258825301,"6":0.8877391123,"7":0.9805730563,"8":0.9518219598,"9":0.7886207471,"10":0.5260257673,"11":0.6659677205,"12":0.5386120315,"13":0.1679359495,"14":0.8087166083,"15":0.6369005078,"16":0.4490559456,"17":0.1896328988,"18":0.4296443677,"19":1.0028616092,"20":0.9122405759,"21":1.4268281135,"22":3.2412049911,"23":3.1957794149},"NoCu":{"0":1.8647912195,"1":3.9196119107,"2":3.9272664328,"3":4.4080723638,"4":4.0124780553,"5":5.2553729499,"6":5.1107593601,"7":4.8825942514,"8":5.0342641798,"9":3.8997466442,"10":2.6712843758,"11":3.4694571617,"12":2.6803914538,"13":2.7831362139,"14":2.872703577,"15":2.8693038016,"16":3.1393949872,"17":3.489051831,"18":3.3292946333,"19":3.8216353074,"20":4.7214225856,"21":5.540714669,"22":2.4232602253,"23":2.1135175091},"NoLanthanum":{"0":2.9471078409,"1":1.6806764752,"2":3.0647212016,"3":3.4044936537,"4":3.0180661048,"5":3.6244451499,"6":3.3613937265,"7":3.0255919282,"8":3.4163893787,"9":3.3676511829,"10":2.295215849,"11":2.7844074977,"12":2.1603723504,"13":2.4077022932,"14":2.0446104134,"15":2.3159232675,"16":2.4815059265,"17":2.5139209757,"18":2.81197866,"19":2.8907414187,"20":3.5003412418,"21":4.6526276725,"22":3.7649506488,"23":3.5047937484},"WT_control":{"0":3.7167464932,"1":2.6193132123,"2":1.8921636957,"3":2.2031164125,"4":1.3434039638,"5":1.6392282043,"6":1.4190108051,"7":1.3386304153,"8":1.1203032362,"9":1.3707974817,"10":1.2016313315,"11":1.108924094,"12":0.6423597165,"13":0.6885595581,"14":0.6717527794,"15":1.0461121253,"16":0.5493795186,"17":0.4512030619,"18":0.7662879243,"19":0.9610234792,"20":1.4161175278,"21":1.9500803181,"22":4.5186265432,"23":4.4464893951},"WithLanthanum":{"0":3.2033704222,"1":1.7283017447,"2":3.9462892445,"3":4.1723180565,"4":3.6278565288,"5":4.3317984612,"6":4.0045395202,"7":3.5133666966,"8":4.1007777641,"9":3.81832611,"10":2.7190942084,"11":3.5652782436,"12":2.9208968144,"13":3.2534980611,"14":2.7615157735,"15":3.1533402578,"16":3.4326318169,"17":3.3339911817,"18":3.7810005246,"19":3.8260027894,"20":4.3351762793,"21":5.4351463288,"22":4.003346376,"23":3.8225684679},"aa3_KO":{"0":3.0189872508,"1":2.5431207671,"2":1.9468061786,"3":2.4149642282,"4":1.8741899341,"5":2.4146309983,"6":2.2565963994,"7":2.1411704047,"8":1.7899196062,"9":2.7028721272,"10":1.3636689219,"11":1.4362698508,"12":1.1259253603,"13":1.3115251726,"14":1.0657006104,"15":1.3712252705,"16":1.1265751526,"17":1.19383113,"18":1.5968162701,"19":2.125985102,"20":2.5853539465,"21":3.3485287876,"22":3.3284354579,"23":2.9897641315},"crotonic_acid":{"0":1.7963155796,"1":1.0007485891,"2":0.7252402998,"3":1.2922992249,"4":1.0249927838,"5":0.9823367539,"6":0.8446346031,"7":0.7831801805,"8":0.7783875016,"9":1.2184702417,"10":1.039579384,"11":1.4961677374,"12":0.583048685,"13":0.3681346139,"14":0.5029528093,"15":0.6635069407,"16":0.6392075458,"17":0.4672797612,"18":0.4956156796,"19":1.093231974,"20":1.025794028,"21":1.8755253709,"22":2.5281811926,"23":2.1411734935},"highCu":{"0":0.1245287805,"1":0.6111672345,"2":1.553936626,"3":2.0210009998,"4":1.4113591841,"5":2.3426809054,"6":1.8948317371,"7":2.0777807794,"8":1.8873789053,"9":1.1807158923,"10":0.4894206599,"11":0.4497928299,"12":0.1703513256,"13":-0.0917938714,"14":0.8972311171,"15":0.2194447061,"16":0.3101399798,"17":0.2478563109,"18":0.7069117364,"19":0.5987284896,"20":1.0661271941,"21":1.8701617416,"22":0.4289743941,"23":0.3408186134},"highO2_slow_growth":{"0":4.5551529787,"1":2.7645026645,"2":4.4495382603,"3":5.4158589308,"4":4.5617159014,"5":5.4211927719,"6":5.4387656247,"7":5.2192104405,"8":5.1898803102,"9":4.6188190599,"10":3.0032705883,"11":3.5156372241,"12":2.8966758212,"13":2.6443121404,"14":2.6705632367,"15":2.9954947455,"16":2.9167447761,"17":3.4609250629,"18":3.562782171,"19":4.2783753859,"20":5.0007084754,"21":5.812477907,"22":4.8058790612,"23":4.5566737886},"lowCH4":{"0":2.9287044763,"1":-0.0936783345,"2":0.8346079881,"3":0.8731092316,"4":0.837400455,"5":0.4348467832,"6":-0.2003806982,"7":0.4584299411,"8":0.5932020983,"9":0.6804942837,"10":0.5885890454,"11":0.4866361495,"12":0.2458857155,"13":0.5057107708,"14":-0.274734055,"15":0.1760574711,"16":0.4540530994,"17":0.3082866709,"18":0.514193331,"19":-0.0252274214,"20":-0.1327893982,"21":-0.294895366,"22":3.1339931009,"23":3.0110047749},"lowCu":{"0":2.1226259366,"1":3.3556215141,"2":4.2199690375,"3":4.8667033559,"4":4.2157397231,"5":5.5179511357,"6":5.3352787601,"7":5.2149897873,"8":5.2988734063,"9":4.040952083,"10":2.6121174965,"11":3.4567200415,"12":2.790196001,"13":2.8881837141,"14":3.2320311286,"15":3.2008473805,"16":3.3923608696,"17":3.9023516986,"18":3.6682474836,"19":4.2661065346,"20":5.1343394559,"21":5.9217656709,"22":2.554630561,"23":2.3177646547},"lowO2_fast_growth":{"0":1.2720189617,"1":0.5886546055,"2":-0.5104391955,"3":-0.0493500143,"4":0.3960459913,"5":0.6426466095,"6":-0.390122248,"7":0.2583090713,"8":0.3214772161,"9":0.1734481563,"10":0.1055691029,"11":0.3940963605,"12":0.1728523815,"13":0.1284133988,"14":-0.1287005472,"15":0.0716550997,"16":0.3775101971,"17":0.3489217938,"18":0.2498684102,"19":0.3606644218,"20":-0.279228353,"21":-0.4159539174,"22":1.6042914899,"23":1.3466593719},"lowO2_low_iron_fast_growth":{"0":1.4324591787,"1":-0.3679389328,"2":0.6830775566,"3":0.4545919141,"4":0.6938440206,"5":0.4776034149,"6":0.4746536527,"7":0.3464801303,"8":1.0482729271,"9":0.2938176546,"10":0.1235916678,"11":0.3962566465,"12":0.1721429965,"13":0.6114713189,"14":-0.1444488937,"15":-0.4381849148,"16":0.2780851511,"17":0.5303941485,"18":0.0723815205,"19":0.639915127,"20":0.008207793,"21":-0.1160544264,"22":1.6735789625,"23":2.0326108137},"lowO2_slow_growth":{"0":2.502891603,"1":2.7706882401,"2":3.5229531579,"3":4.0119082961,"4":3.2996257718,"5":3.7610832663,"6":3.7308331817,"7":3.7438122373,"8":3.6695597541,"9":3.3947640055,"10":1.9976302102,"11":2.4328903454,"12":2.0830536096,"13":2.1292570042,"14":2.2097574476,"15":2.1411132009,"16":1.8308867155,"17":2.4438149221,"18":2.5061087912,"19":2.8292269626,"20":3.6002499727,"21":4.2507548317,"22":3.2229190071,"23":2.7851330045},"medCu":{"0":1.3483889494,"1":2.469247129,"2":3.5445059577,"3":4.1080461544,"4":3.4667832528,"5":4.872303684,"6":4.6104636657,"7":4.5668879901,"8":4.4073853251,"9":3.1306681622,"10":1.3249669287,"11":2.5532629345,"12":1.6653014483,"13":1.7374326929,"14":1.9794942271,"15":2.001886014,"16":2.4881386767,