{"locus_tag":{"0":"EQU24_RS12525","1":"EQU24_RS13885","2":"EQU24_RS13890","3":"EQU24_RS13895","4":"EQU24_RS14330","5":"EQU24_RS14335","6":"EQU24_RS14340","7":"EQU24_RS14345","8":"EQU24_RS19150","9":"EQU24_RS19155","10":"EQU24_RS19160","11":"EQU24_RS19765","12":"EQU24_RS20540","13":"EQU24_RS21730","14":"EQU24_RS21735","15":"EQU24_RS21740","16":"EQU24_RS21745","17":"EQU24_RS21750"},"cluster_id":{"0":26,"1":26,"2":26,"3":26,"4":26,"5":26,"6":26,"7":26,"8":26,"9":26,"10":26,"11":26,"12":26,"13":26,"14":26,"15":26,"16":26,"17":26},"uMax":{"0":0.2354878855,"1":0.2284326069,"2":0.219672037,"3":0.1413890514,"4":0.185525643,"5":0.1574370697,"6":0.1867071892,"7":0.2069321815,"8":-0.0753128189,"9":0.0067812188,"10":0.1818255927,"11":0.2354653673,"12":0.1898789296,"13":0.2106500878,"14":0.2094851686,"15":0.2056698142,"16":0.209694807,"17":0.2174625648},"MeOH":{"0":3.6507293195,"1":-0.2786901921,"2":0.2118462112,"3":-0.0917489449,"4":0.2824783882,"5":0.1001520153,"6":0.7454026126,"7":0.2202592257,"8":-0.1414917658,"9":-0.3172999416,"10":-0.6276691899,"11":3.2470729096,"12":0.9470453503,"13":0.9719975192,"14":-0.2524482371,"15":-0.2128581331,"16":-0.800291583,"17":-0.8801027478},"NoCu":{"0":0.1183300438,"1":0.1994788235,"2":0.7811639444,"3":0.5222501703,"4":0.483602909,"5":1.1204603954,"6":0.5151469129,"7":0.9608532321,"8":-0.9565183749,"9":-0.9688880177,"10":-0.5526470784,"11":-0.3568206768,"12":-0.4477020303,"13":-0.2308511951,"14":0.1572654777,"15":-0.0034763138,"16":0.0507360296,"17":0.3837490827},"lowCu":{"0":0.2772839292,"1":-0.5446358145,"2":0.6195360173,"3":0.257485391,"4":0.2659144072,"5":0.7638993184,"6":0.2362041397,"7":0.3402988456,"8":-0.5240446551,"9":-1.1439086492,"10":-0.5334370441,"11":-0.4427554641,"12":-0.3865431909,"13":-0.5055862791,"14":0.031149777,"15":0.0326897739,"16":-0.0945053048,"17":0.0889044517},"medCu":{"0":0.3708290639,"1":-0.5627135796,"2":0.4301611623,"3":0.3014043962,"4":-0.0281521399,"5":0.4223614412,"6":-0.0910905731,"7":0.0923287231,"8":-0.5999266143,"9":-0.5828778928,"10":-0.1084230345,"11":0.2531343813,"12":-0.3205128953,"13":-0.5110995661,"14":-0.0965983751,"15":-0.2674691261,"16":-0.4738120361,"17":0.0086828273},"highCu":{"0":0.1054979213,"1":-0.5166628288,"2":0.9029947287,"3":0.7269758565,"4":0.2972913672,"5":1.2835517653,"6":0.3883314563,"7":1.1223487799,"8":-1.0011064592,"9":-0.802584341,"10":0.0031796316,"11":0.04712337,"12":-0.2472210402,"13":-0.3829523659,"14":0.3280187763,"15":-0.0513171397,"16":0.241378669,"17":0.7237959602},"LanzaTech":{"0":0.7267684654,"1":-1.4592370134,"2":0.0390195427,"3":-0.7222077105,"4":0.9233591928,"5":1.4023653084,"6":1.2489557816,"7":-0.3964576904,"8":0.4574339647,"9":-0.2423374966,"10":0.2843651488,"11":-0.2555758185,"12":-0.1105778573,"13":0.3509141767,"14":0.8770684336,"15":1.2206376772,"16":1.1020271498,"17":-0.0700570141},"lowCH4":{"0":1.737984505,"1":1.0465599198,"2":1.0076015587,"3":0.6516648354,"4":0.4433342736,"5":1.3333127773,"6":1.0312624099,"7":0.8456137757,"8":-0.1634787934,"9":-0.7562184955,"10":-0.2758470743,"11":2.2473331366,"12":0.323805461,"13":-0.1614887469,"14":-0.350529983,"15":-0.4150575339,"16":-0.3929718799,"17":-0.4025556591},"lowO2_fast_growth":{"0":1.086366149,"1":0.4577039876,"2":-0.3075453711,"3":-0.4217243226,"4":0.4812327738,"5":-0.577269479,"6":0.9130732137,"7":-0.4270411323,"8":0.1021591986,"9":-0.4573288788,"10":0.1790038081,"11":1.310292907,"12":0.5246676338,"13":0.4381059113,"14":-0.1200524687,"15":-0.0303195513,"16":-0.3311559292,"17":-0.7396124737},"aa3_KO":{"0":0.403243668,"1":-0.9343076599,"2":0.3048616136,"3":0.0100428276,"4":0.1848861316,"5":0.5254398381,"6":0.2572259052,"7":0.2033418869,"8":1.3712268314,"9":-0.7440756594,"10":-0.1579910892,"11":-0.5439931921,"12":-0.6203423031,"13":-0.4222465271,"14":0.0191905338,"15":-0.2591937265,"16":-0.0813782217,"17":-0.363288757},"NO3_lowO2_slow_growth":{"0":0.2276561576,"1":0.9935738959,"2":-0.0357684922,"3":0.3828684654,"4":0.4766800732,"5":0.6498472576,"6":0.6036915927,"7":0.5664202499,"8":1.3559027569,"9":-0.4992607591,"10":-0.1931630292,"11":-0.8532285252,"12":-0.3350037352,"13":-0.0307395282,"14":0.0661116927,"15":0.1887630362,"16":0.0781295152,"17":-0.2630797034},"highO2_slow_growth":{"0":-0.0313386447,"1":0.3523465647,"2":0.5858419237,"3":0.6462047064,"4":0.3714760167,"5":0.4836884673,"6":0.1845010351,"7":-0.0875852129,"8":-0.2771036831,"9":-0.1872015863,"10":-0.2262175961,"11":-1.7159844936,"12":-0.2345992667,"13":-0.9970416876,"14":-0.211815637,"15":-0.3988028154,"16":-0.6014831764,"17":-0.495338738},"lowO2_slow_growth":{"0":1.9591004759,"1":2.4157922776,"2":2.6700925051,"3":2.6113790183,"4":1.9819785378,"5":2.8343630324,"6":2.375317878,"7":2.4474222641,"8":2.5370904585,"9":3.8953300164,"10":3.9255490711,"11":3.0543233307,"12":1.1774219946,"13":0.3491375397,"14":1.0736897863,"15":0.9498688136,"16":0.999864845,"17":1.2864031237},"lowO2_fast_growth.1":{"0":1.086366149,"1":0.4577039876,"2":-0.3075453711,"3":-0.4217243226,"4":0.4812327738,"5":-0.577269479,"6":0.9130732137,"7":-0.4270411323,"8":0.1021591986,"9":-0.4573288788,"10":0.1790038081,"11":1.310292907,"12":0.5246676338,"13":0.4381059113,"14":-0.1200524687,"15":-0.0303195513,"16":-0.3311559292,"17":-0.7396124737},"lowO2_low_iron_fast_growth":{"0":1.4553467669,"1":2.7951098035,"2":3.6139007669,"3":3.5391274193,"4":2.9987776607,"5":5.0211412,"6":4.3912201981,"7":3.6794915891,"8":4.1661409677,"9":5.5365991171,"10":5.9541250928,"11":1.2250773282,"12":2.6699966035,"13":2.185429077,"14":2.2276183363,"15":2.4661088988,"16":2.40793284,"17":2.5097138989},"WithLanthanum":{"0":0.2877930581,"1":0.0640420013,"2":0.4018193532,"3":0.3072011287,"4":-0.0918478335,"5":-0.0710768793,"6":-0.5837722631,"7":-0.5256398616,"8":0.3813196211,"9":-0.7115798406,"10":-1.1862283972,"11":-0.6166935986,"12":0.1312841884,"13":-0.2291536211,"14":0.161628065,"15":-0.0273194128,"16":-0.1745516127,"17":0.138244897},"NoLanthanum":{"0":-0.0086811504,"1":0.099246482,"2":0.3579384876,"3":0.3361117577,"4":-0.1004166569,"5":-0.8544563451,"6":-1.1052295665,"7":-0.9335457909,"8":0.3818310492,"9":-1.1678888312,"10":-1.4413019945,"11":-0.7918529082,"12":0.1608786268,"13":-0.423829846,"14":-0.0787298286,"15":-0.2505370067,"16":-0.3481435076,"17":-0.1077746631},"crotonic_acid":{"0":0.420664979,"1":2.0591931683,"2":1.2855285783,"3":1.2115198215,"4":1.6713575739,"5":2.6053126107,"6":2.5920225107,"7":2.2809680604,"8":2.5295446747,"9":1.4599746139,"10":1.7627654503,"11":-0.1035243751,"12":0.4713127935,"13":0.5020959209,"14":0.817086328,"15":1.0726382402,"16":0.8456574509,"17":0.513878018},"slow_growth":{"0":-0.149436434,"1":0.3512387589,"2":1.1507055691,"3":0.4995863746,"4":0.7067636244,"5":1.430904151,"6":0.9184224297,"7":1.038113335,"8":-0.084340122,"9":0.0066741506,"10":0.4867363104,"11":-0.9017443256,"12":-0.6180051129,"13":-0.4605423744,"14":0.4448361146,"15":-0.1002262061,"16":0.3302319584,"17":0.5678534143},"unknown":{"0":1.2588517223,"1":-0.1108269586,"2":0.3971634244,"3":1.850716169,"4":0.306728229,"5":0.5577021975,"6":0.6981137962,"7":-0.5804761815,"8":2.1762411285,"9":1.7141866771,"10":2.0836769796,"11":2.5918726621,"12":3.3632541656,"13":2.2703152139,"14":1.6339104807,"15":0.8734196155,"16":1.499191463,"17":-0.5097066824}}