{"locus_tag":{"0":"EQU24_RS00670","1":"EQU24_RS00940","2":"EQU24_RS01900","3":"EQU24_RS02325","4":"EQU24_RS07675","5":"EQU24_RS07680","6":"EQU24_RS15800","7":"EQU24_RS19445","8":"EQU24_RS19450","9":"EQU24_RS19455","10":"EQU24_RS19460","11":"EQU24_RS19465","12":"EQU24_RS19470","13":"EQU24_RS19475","14":"EQU24_RS19480","15":"EQU24_RS19485","16":"EQU24_RS19490","17":"EQU24_RS19495","18":"EQU24_RS19500","19":"EQU24_RS19505","20":"EQU24_RS19510","21":"EQU24_RS19515","22":"EQU24_RS19520","23":"EQU24_RS21000","24":"EQU24_RS21005"},"cluster_id":{"0":0,"1":0,"2":0,"3":0,"4":0,"5":0,"6":0,"7":0,"8":0,"9":0,"10":0,"11":0,"12":0,"13":0,"14":0,"15":0,"16":0,"17":0,"18":0,"19":0,"20":0,"21":0,"22":0,"23":0,"24":0},"uMax":{"0":0.1594362711,"1":0.2097958184,"2":-0.0634031653,"3":0.183003498,"4":0.2000054375,"5":0.2320291299,"6":0.0211567547,"7":-0.0634930932,"8":-0.0962947133,"9":-0.0289673782,"10":-0.094410388,"11":-0.1731967881,"12":-0.1293217189,"13":-0.121122108,"14":-0.2207397093,"15":-0.1734937297,"16":-0.2468263845,"17":-0.1605777868,"18":-0.446578315,"19":-0.2647135461,"20":0.1711892188,"21":0.2031618344,"22":0.1962879206,"23":0.0930221912,"24":0.1368629389},"MeOH":{"0":0.8040166125,"1":4.4265668897,"2":2.9179078589,"3":1.9697048573,"4":2.3337033148,"5":2.2337941422,"6":1.6522807539,"7":1.1808010505,"8":1.7063387563,"9":2.0016469445,"10":2.2450138956,"11":2.3384180141,"12":2.8816901043,"13":3.3599516536,"14":3.5084651464,"15":4.0357560465,"16":3.4434977585,"17":3.5534291948,"18":3.0354536372,"19":3.3941922192,"20":3.9491159403,"21":3.8967802478,"22":6.7227200062,"23":2.9043285843,"24":1.8446075971},"NoCu":{"0":5.4559385991,"1":5.1573751601,"2":4.0815806925,"3":3.9196119107,"4":3.8042405166,"5":4.2864975012,"6":4.1570172649,"7":2.912487319,"8":3.3029863632,"9":4.0475615363,"10":3.692446542,"11":4.3772038263,"12":4.3975562343,"13":4.8363531985,"14":5.0107598934,"15":5.1215427294,"16":4.9247743289,"17":5.301114508,"18":5.7707375291,"19":5.5791274741,"20":6.3659642453,"21":7.6330852758,"22":9.4283964124,"23":6.6862255555,"24":6.3136033735},"lowCu":{"0":4.6478980051,"1":5.0925417256,"2":4.1363803456,"3":3.3556215141,"4":4.1218504237,"5":4.4853865833,"6":4.3696493926,"7":3.1636745101,"8":3.442343915,"9":4.2192447408,"10":3.8203433512,"11":4.6016412766,"12":4.6147169567,"13":5.1274309471,"14":5.2510912854,"15":5.340187388,"16":5.3318007453,"17":5.5221312384,"18":6.0703757824,"19":6.0589157014,"20":6.8483668638,"21":7.8113265461,"22":9.7137213543,"23":7.0469633903,"24":6.6671104282},"medCu":{"0":2.6216954771,"1":5.403090128,"2":4.4892274847,"3":2.469247129,"4":4.4340589065,"5":4.9554832461,"6":4.3380037908,"7":3.277335268,"8":3.5449571744,"9":4.5386988375,"10":4.1094878678,"11":4.9431661685,"12":5.2167993101,"13":5.7754608508,"14":5.9924865393,"15":5.9882203663,"16":5.8485156209,"17":6.0942558672,"18":6.6308812198,"19":6.6590022109,"20":7.6710589042,"21":8.8501538462,"22":10.3935352432,"23":7.3300620441,"24":6.9362547767},"highCu":{"0":0.0435581727,"1":3.7231009474,"2":0.8972421829,"3":0.6111672345,"4":3.5456376425,"5":4.4876375371,"6":0.1390847601,"7":0.539096365,"8":0.107970563,"9":1.2344944715,"10":0.6058515711,"11":1.3523079736,"12":1.3878415227,"13":1.9731183003,"14":2.4187567835,"15":1.8630256758,"16":1.8781312244,"17":2.2234946501,"18":2.813402953,"19":2.3275823242,"20":3.3601018195,"21":5.4060786311,"22":5.4271085765,"23":0.9909343566,"24":0.945994608},"LanzaTech":{"0":-0.4050123734,"1":-1.88224142,"2":-1.3589010407,"3":-0.2437767446,"4":0.9908820764,"5":0.7883246268,"6":-0.054572576,"7":0.4307334723,"8":0.6385312981,"9":0.6916331839,"10":0.1305966906,"11":-0.2452660381,"12":0.0672545115,"13":0.429355634,"14":-0.2029895663,"15":-0.4798767437,"16":-0.3603970243,"17":-0.7579003664,"18":-0.9905686836,"19":-1.6142921352,"20":-0.6291320195,"21":-0.6818184793,"22":-0.631949068,"23":-0.1449455086,"24":0.5378013249},"lowCH4":{"0":-0.4009304364,"1":-0.7194533127,"2":-1.0158962968,"3":-0.0936783345,"4":-0.4834857182,"5":-0.0623805283,"6":-0.0355178462,"7":-0.3863860197,"8":-0.2551418602,"9":-0.4091415693,"10":-0.3446573637,"11":-0.7577860388,"12":-0.9540184039,"13":-1.0636202604,"14":-1.4436897678,"15":-1.2788733094,"16":-1.5378592038,"17":-1.986992627,"18":-2.1420669691,"19":-1.8169903807,"20":-1.7620741663,"21":-1.2683628318,"22":-1.8991696273,"23":-0.1801804154,"24":-0.3719014688},"lowO2_fast_growth":{"0":-0.5412599287,"1":1.2469715315,"2":0.0400681215,"3":0.5886546055,"4":1.4609027105,"5":2.7462259827,"6":0.165377739,"7":0.1302868465,"8":0.2844204584,"9":0.7738450654,"10":0.2943924187,"11":-0.0341687854,"12":0.5682287156,"13":1.235126488,"14":0.8911373174,"15":1.5139752176,"16":1.4222983231,"17":1.2168413752,"18":0.3588100294,"19":0.0972652965,"20":1.1486548849,"21":1.1696600515,"22":3.0553008318,"23":0.1586825384,"24":0.3302834298},"aa3_KO":{"0":0.8815311488,"1":0.9115552571,"2":-0.7631417421,"3":2.5431207671,"4":0.2437035792,"5":0.3551122008,"6":-0.5680183604,"7":-0.153268233,"8":0.1812813801,"9":-0.0365369572,"10":-0.202434543,"11":-0.5458852612,"12":-0.5394951682,"13":-0.5944802098,"14":-0.7266513727,"15":-0.8301747777,"16":-0.9377505892,"17":-0.8582988682,"18":-0.5612410134,"19":-0.7773012588,"20":-1.1664771719,"21":-0.6721606066,"22":-0.6122803237,"23":-0.4730201067,"24":0.0614510331},"NO3_lowO2_slow_growth":{"0":0.3885235364,"1":3.8758212719,"2":1.0289477472,"3":1.4721767725,"4":3.4689001005,"5":3.5876035802,"6":1.2919808669,"7":1.3728359027,"8":1.8190250085,"9":2.0126579364,"10":1.7215612585,"11":1.9293837656,"12":1.9618901951,"13":2.4978363614,"14":2.2190975675,"15":2.6812799037,"16":2.7069618454,"17":2.8557471701,"18":3.1484110068,"19":3.3996166038,"20":3.7826835805,"21":3.6526786058,"22":6.4524725064,"23":2.2493481096,"24":2.254586048},"highO2_slow_growth":{"0":1.0297334551,"1":-1.4410880551,"2":-0.6195312865,"3":2.7645026645,"4":0.2196740343,"5":-0.630715748,"6":-0.1054862775,"7":0.4106820416,"8":0.3854749777,"9":0.3062926613,"10":0.5254173107,"11":0.3145365404,"12":-0.4608447767,"13":-0.5404930817,"14":-0.5525315599,"15":-0.6131773684,"16":-0.6909663531,"17":-0.9492467387,"18":-1.0835418131,"19":-0.7568968385,"20":-0.5254983074,"21":0.0405464496,"22":-0.708357438,"23":0.2792199163,"24":0.3623023903},"lowO2_slow_growth":{"0":2.7675760953,"1":3.9211111904,"2":2.5594033408,"3":2.7706882401,"4":3.876679082,"5":3.8291029033,"6":2.7290554793,"7":2.3010065704,"8":2.2920894217,"9":3.0052095677,"10":2.9244426102,"11":3.6448072948,"12":3.269120928,"13":3.4853281189,"14":3.4678712637,"15":3.5648220539,"16":3.5352455921,"17":3.5067818104,"18":4.439063919,"19":4.4013022587,"20":4.6254533011,"21":5.6057890437,"22":7.1718985562,"23":4.365552777,"24":4.0519973707},"lowO2_fast_growth.1":{"0":-0.5412599287,"1":1.2469715315,"2":0.0400681215,"3":0.5886546055,"4":1.4609027105,"5":2.7462259827,"6":0.165377739,"7":0.1302868465,"8":0.2844204584,"9":0.7738450654,"10":0.2943924187,"11":-0.0341687854,"12":0.5682287156,"13":1.235126488,"14":0.8911373174,"15":1.5139752176,"16":1.4222983231,"17":1.2168413752,"18":0.3588100294,"19":0.0972652965,"20":1.1486548849,"21":1.1696600515,"22":3.0553008318,"23":0.1586825384,"24":0.3302834298},"lowO2_low_iron_fast_growth":{"0":-0.6709737715,"1":-0.6243448167,"2":-0.3732023685,"3":-0.3679389328,"4":0.7957651416,"5":1.2405987464,"6":0.2217262602,"7":-0.0124593914,"8":-0.2184694483,"9":0.0833915061,"10":0.5710208116,"11":-0.025150631,"12":-0.2447968772,"13":-0.4584466113,"14":-0.0296694346,"15":-0.680351934,"16":-0.0905964331,"17":-0.3878980975,"18":-1.3828819501,"19":-0.8809841441,"20":-0.4312563636,"21":0.6203570704,"22":-0.1953279125,"23":0.1260476781,"24":-0.0973015484},"WithLanthanum":{"0":-0.1894281639,"1":-0.7745207596,"2":-0.0426900307,"3":1.7283017447,"4":-0.9591072697,"5":-1.4111586371,"6":0.1293286494,"7":-0.017220709,"8":-0.1425296156,"9":-0.0106453308,"10":0.3722278526,"11":0.0014732258,"12":-0.1928163211,"13":-0.7431067208,"14":-0.8391175761,"15":-0.3655761601,"16":-0.9367922671,"17":-1.1248393038,"18":-1.6603625279,