{"locus_tag":{"0":"EQU24_RS14140","1":"EQU24_RS17065","2":"EQU24_RS17070","3":"EQU24_RS17075","4":"EQU24_RS17080"},"cluster_id":{"0":8,"1":8,"2":8,"3":8,"4":8},"uMax":{"0":0.2072235954,"1":-0.059084901,"2":-0.1388674162,"3":-0.3247295144,"4":-0.5375735381},"MeOH":{"0":-2.9663352812,"1":-1.6345328045,"2":0.0935423401,"3":-0.2142622657,"4":-0.7026852334},"NoCu":{"0":-0.5230739795,"1":1.0978306387,"2":0.5849143332,"3":0.9938314044,"4":0.1197452231},"lowCu":{"0":-0.5148027094,"1":1.1832659397,"2":0.7391459525,"3":1.1223863247,"4":0.9120868375},"medCu":{"0":-0.4973435868,"1":1.1706639276,"2":0.647455115,"3":0.8356651026,"4":0.7692443613},"highCu":{"0":-0.6772066695,"1":0.1877481139,"2":0.0279830461,"3":-0.1591626144,"4":-0.0869229349},"LanzaTech":{"0":-1.3377340264,"1":0.8006228286,"2":0.6014836438,"3":0.6661140646,"4":0.9726507564},"lowCH4":{"0":-2.904581202,"1":-0.9519655908,"2":-0.679560595,"3":-0.5118271582,"4":-0.0360976256},"lowO2_fast_growth":{"0":5.6032220645,"1":5.365371202,"2":3.3441363381,"3":3.6200769006,"4":2.6237810904},"aa3_KO":{"0":6.9956210866,"1":8.3464429284,"2":7.6331606423,"3":7.8828777964,"4":7.3100090322},"NO3_lowO2_slow_growth":{"0":7.5017965528,"1":8.4263184662,"2":7.5221935277,"3":7.7854183229,"4":6.923158198},"highO2_slow_growth":{"0":-2.0928591149,"1":1.873275463,"2":1.5906675697,"3":1.9588787984,"4":1.919681429},"lowO2_slow_growth":{"0":3.8105399861,"1":7.5183469818,"2":7.1657383931,"3":7.4526724569,"4":6.90916571},"lowO2_fast_growth.1":{"0":5.6032220645,"1":5.365371202,"2":3.3441363381,"3":3.6200769006,"4":2.6237810904},"lowO2_low_iron_fast_growth":{"0":2.2134216852,"1":1.0844057289,"2":0.2163719339,"3":0.6613844761,"4":1.4827339428},"WithLanthanum":{"0":3.5941332684,"1":1.0986175712,"2":1.4608644238,"3":1.3360055976,"4":1.0248675678},"NoLanthanum":{"0":3.8613736472,"1":1.8171744362,"2":1.712873121,"3":1.7996363958,"4":1.0072020383},"crotonic_acid":{"0":-1.312320856,"1":0.1553730735,"2":0.199864904,"3":0.1305001097,"4":0.4795195114},"slow_growth":{"0":7.3826860178,"1":2.9065942141,"2":2.7170673685,"3":2.9461752182,"4":2.5302628936},"unknown":{"0":3.8066270366,"1":2.8491823686,"2":2.5928347112,"3":2.7271116118,"4":2.501805699},"gene":{"0":null,"1":"nifH","2":"nifD","3":"nifK","4":"nifT"},"product":{"0":"bacteriohemerythrin","1":"nitrogenase iron protein","2":"nitrogenase molybdenum-iron protein alpha chain","3":"nitrogenase molybdenum-iron protein subunit beta","4":"putative nitrogen fixation protein NifT"},"start_coord":{"0":3159266,"1":3837050,"2":3838069,"3":3839690,"4":3841334},"end_coord":{"0":3159662,"1":3837932,"2":3839548,"3":3841262,"4":3841547},"length":{"0":397,"1":883,"2":1480,"3":1573,"4":214},"translation":{"0":"MALITWTADQFGTNVGFADDEHKVLFDKLNKLYDLATGGAERSAIGAQLDDLIAYVVGHFAHEEKEMEAAGFAGLAAHKAEHEALVGTCADLQKKFHAGEADVTDEVGQMVKSWLESHIPTFDRGYAAVLS*","1":"MALRQCAIYGKGGIGKSTTTQNLVAGLAELGKKVMIVGCDPKADSTRLILHAKAQNSIMQMAADAGSVEDLELEDVLKVGYGEIKCVESGGPEPGVGCAGRGVITAINFLEEEGAYDEDLDFVFYDVLGDVVCGGFAMPIRENKAQEIYIVCSGEMMAMYAANNIAKGIVKYANSGGVRLAGLICNSRNTAREDELIMELARRLGTQMIHFVPRDNVVQRAEIRRMTVIEYEPAAKQADEYRSLAQKIIDNKNMVIPTPITMDELEDLLMEFGIMEEVDESIVGKTAVAEATA*","2":"MPAMTREETEALIQEVLEVYPEKAKNDRAKHLAVNDQSLEKANKCITSNRKSLPGVMTIRGCAYAGSKGVVWGPIKDMIHISHGPVGCGQYSRAGRRNYYVGTTGVNTFGTMNFTSDFQEKDIVFGGDKKLAKLIDEIEVLFPLNKGISIQSECPIGLIGDDIEAVAKMKKKEHGKTVVPVRCEGFRGVSQSLGHHIANDAIRDWVLEARDGDDSFPTTPYDVAVIGDYNIGGDAWASRTLLEEMGLRVVAQWSGDGTIAEIEKTPKVKLNLIHCYRSMNYIARHMEEKYSIPWIEYNFFGPTKIAESLRRIAAHFDDTIKEGAERVIERYKAEYEAVIAKYRPRLEGKRVMLYVGGLRPRHVIGAYEDLGMEVVGTGYEFAHNDDYDRTIKEMGNATLLYDDVTGYEFEEFVKKIQPDLIGSGIKEKYIFQKMGIPFRQMHSWDYSGPYHGFDGFAIFARDMDMTLNNPCWKNIKAPWKKETASEPVKAAA*","3":"MSQHVDNIQPSYPLFRTDEYKENLATKRAEYEERHPQEQIDEVFQWTTTKEYQELNFNREALTVNPAKACQPLGAVLCALGFEKTMPYVHGSQGCVAYFRTYFNRHFKEPVACVSDSMTEDAAVFGGQKNMFAGLENVKALYQPDMIAVSTTCMAEVIGDDLNAFIGNAKKEGHIEQDFPTPFAHTPSFVGSHTTGWDNMFEGIARYFTLNFMEGKEAGSNGKINFVPGFETYLGNFRMIHRMMKEMSVDYSLLSDPTEVLDTPADGHFRMYAGGTTMDEVKDAPNAYDTILLQPWQLEKTKKYVQNTWKHDVPKLNIPMGLEWTDELLMKVSEITGKPIPESLEKERGRLVDMMTDSHAWLHGKKFALYGDADFVLGMVKFLLELGAEPTEILVNHANKRWKKACEAVLEASPYGKNSTVHIGKDLWHFRSLVFTNKPDFMIGNSYGKFIQRDTFYKGEEFEVPLIRIGFPIFDRHHLHRMTTLGYEGAMYILTTLVNAVLEQLDKETKGMGTTDYNYDLIR*","4":"MPSVMLRKRDDGKLLFYVAKKDLEETIESLEFDAPEKWGGEVVLGDGSRYYFEPLSPAPKIPTTLQAKRL*"},"group":{"0":"else","1":"nif","2":"nif","3":"nif","4":"nif"},"go_terms":{"0":"['GO:0046872']","1":"['GO:0005524', 'GO:0009399', 'GO:0016163', 'GO:0018697', 'GO:0046872', 'GO:0051539', 'GO:0055114']","2":"['GO:0009399', 'GO:0016163', 'GO:0016612', 'GO:0018697', 'GO:0046872', 'GO:0051536', 'GO:0055114']","3":"['GO:0005524', 'GO:0009399', 'GO:0016163', 'GO:0016612', 'GO:0018697', 'GO:0046872', 'GO:0051536', 'GO:0055114']","4":"['GO:0009399']"},"desc_string":{"0":"EQU24_RS14140||bacteriohemerythrin","1":"EQU24_RS17065|nifH|nitrogenase iron protein","2":"EQU24_RS17070|nifD|nitrogenase molybdenum-iron protein alpha chain","3":"EQU24_RS17075|nifK|nitrogenase molybdenum-iron protein subunit beta","4":"EQU24_RS17080|nifT|putative nitrogen fixation protein NifT"}}